-- MySQL Administrator dump 1.4
--
-- ------------------------------------------------------
-- Server version	5.5.29-0ubuntu0.12.04.1


/*!40101 SET @OLD_CHARACTER_SET_CLIENT=@@CHARACTER_SET_CLIENT */;
/*!40101 SET @OLD_CHARACTER_SET_RESULTS=@@CHARACTER_SET_RESULTS */;
/*!40101 SET @OLD_COLLATION_CONNECTION=@@COLLATION_CONNECTION */;
/*!40101 SET NAMES utf8 */;

/*!40014 SET @OLD_UNIQUE_CHECKS=@@UNIQUE_CHECKS, UNIQUE_CHECKS=0 */;
/*!40014 SET @OLD_FOREIGN_KEY_CHECKS=@@FOREIGN_KEY_CHECKS, FOREIGN_KEY_CHECKS=0 */;
/*!40101 SET @OLD_SQL_MODE=@@SQL_MODE, SQL_MODE='NO_AUTO_VALUE_ON_ZERO' */;


--
-- Create schema qaalo
--

CREATE DATABASE IF NOT EXISTS qaalo;
USE qaalo;

--
-- Definition of table `category`
--

DROP TABLE IF EXISTS `category`;
CREATE TABLE `category` (
  `id` int(10) unsigned NOT NULL AUTO_INCREMENT,
  `name` varchar(45) CHARACTER SET utf8 NOT NULL,
  `userID` int(10) unsigned DEFAULT '0',
  `linkCount` int(10) unsigned DEFAULT '0',
  `url` varchar(45) NOT NULL,
  PRIMARY KEY (`id`)
) ENGINE=InnoDB AUTO_INCREMENT=60 DEFAULT CHARSET=latin1;

--
-- Dumping data for table `category`
--

/*!40000 ALTER TABLE `category` DISABLE KEYS */;
INSERT INTO `category` (`id`,`name`,`userID`,`linkCount`,`url`) VALUES 
 (8,'Müzik',2,1,'muzik'),
 (9,'Metrobüs',3,1,'metrobus'),
 (10,'Ulaşım',3,1,'ulasim'),
 (11,'Sağlık',8,1,'saglik'),
 (12,'Moda',3,1,'moda'),
 (13,'Klarnet',2,1,'klarnet'),
 (14,'Sosyal medya',3,1,'sosyal-medya'),
 (15,'Türk',2,1,'turk'),
 (16,'Programlama',2,1,'programlama'),
 (17,'Bilgisayar',2,1,'bilgisayar'),
 (18,'Yazılım',2,1,'yazilim'),
 (19,'Istanbul',2,1,'istanbul'),
 (20,'Türkiye',2,1,'turkiye'),
 (21,'Teknoloji',2,1,'teknoloji'),
 (22,'Yemek',15,1,'yemek'),
 (23,'Kahvaltı',15,1,'kahvalti'),
 (24,'Alışveriş',15,1,'alisveris'),
 (25,'Gezi',15,1,'gezi'),
 (26,'Technology',9,1,'technology'),
 (27,'Websites',9,1,'websites'),
 (28,'Best of',9,1,'best-of'),
 (29,'Iphone',2,1,'iphone'),
 (30,'Blog',8,1,'blog'),
 (31,'Blogger',8,1,'blogger'),
 (32,'Anadolu yakası',2,1,'anadolu-yakasi'),
 (33,'Tiyatro',2,1,'tiyatro'),
 (34,'Sanat',2,1,'sanat'),
 (35,'Spor',15,1,'spor'),
 (36,'Futbol',15,1,'futbol'),
 (37,'En iyi',15,1,'en-iyi'),
 (38,'E-ticaret',3,1,'eticaret'),
 (39,'Haber',3,1,'haber'),
 (40,'Televizyon',8,1,'televizyon'),
 (41,'Tv dizisi',8,1,'tv-dizisi'),
 (42,'Çay ',15,1,'cay-'),
 (43,'Içecek',15,1,'icecek'),
 (44,'Books',9,1,'books'),
 (45,'Creativity',9,1,'creativity'),
 (46,'Artists',9,1,'artists'),
 (47,'Kadın',46,1,'kadin'),
 (48,'Makyaj',46,1,'makyaj'),
 (49,'Güzellik',46,1,'guzellik'),
 (50,'Unity3d',2,1,'unity3d'),
 (51,'Ios',2,1,'ios'),
 (52,'Fotoğraf',3,1,'fotograf'),
 (53,'Sanatçı',3,1,'sanatci'),
 (54,'Mersin',3,1,'mersin'),
 (55,'Lezzet',3,1,'lezzet'),
 (56,'Android',27,1,'android'),
 (57,'Sushi',24,1,'sushi'),
 (58,'Restorant',24,1,'restorant'),
 (59,'Facebook',3,1,'facebook');
/*!40000 ALTER TABLE `category` ENABLE KEYS */;


--
-- Definition of table `item`
--

DROP TABLE IF EXISTS `item`;
CREATE TABLE `item` (
  `id` int(10) unsigned NOT NULL AUTO_INCREMENT,
  `topicID` int(10) unsigned NOT NULL,
  `text` varchar(120) NOT NULL,
  `userID` int(10) unsigned NOT NULL,
  `voteUp` int(10) unsigned DEFAULT '0',
  `voteDown` int(10) unsigned DEFAULT '0',
  `createdOn` int(10) unsigned NOT NULL,
  `commentCount` int(10) unsigned NOT NULL,
  PRIMARY KEY (`id`),
  KEY `IndexItemTopicID` (`topicID`)
) ENGINE=InnoDB AUTO_INCREMENT=627 DEFAULT CHARSET=utf8;

--
-- Dumping data for table `item`
--

/*!40000 ALTER TABLE `item` DISABLE KEYS */;
INSERT INTO `item` (`id`,`topicID`,`text`,`userID`,`voteUp`,`voteDown`,`createdOn`,`commentCount`) VALUES 
 (39,53,'The Shawshank Redemption',2,4,NULL,1359301603,0),
 (40,53,'The Godfather',2,4,NULL,1359301603,0),
 (41,53,'Pulp Fiction',2,2,NULL,1359301603,0),
 (42,53,'Schindler\'s List',2,3,0,1359301603,0),
 (43,53,'Fight Club',2,3,NULL,1359301603,0),
 (44,54,'Check Out the Company',2,NULL,NULL,1359301688,0),
 (45,54,'Dress for Interview Success',2,1,NULL,1359301688,0),
 (46,54,'Improve Your Interview Technique',2,NULL,NULL,1359301688,0),
 (47,54,'Prepare for a Phone Interview',2,1,NULL,1359301688,0),
 (48,54,'Practice Interviewing',2,NULL,NULL,1359301688,0),
 (49,54,'Use Your Contacts',2,1,NULL,1359301688,0),
 (50,54,'Take the Time to Say Thank You',2,1,NULL,1359301688,0),
 (51,55,'Kapalıçarşı',2,2,1,1359301847,0),
 (52,55,'Beylerbeyi',2,0,0,1359301847,0),
 (53,55,'Gülhane Parkı',2,0,1,1359301847,0),
 (54,55,'Moda',2,1,0,1359301847,0),
 (55,55,'Bağdat Caddesi',2,2,1,1359301848,0),
 (56,56,'Do your research',2,1,NULL,1359302511,0),
 (57,56,'Understand the basic procedures',2,NULL,NULL,1359302511,0),
 (58,56,'Choose the right equipment for you',2,1,NULL,1359302511,0),
 (59,56,'The bait is the main course of fishing ',2,NULL,NULL,1359302511,0),
 (60,56,'Location, location, location',2,0,NULL,1359302511,0),
 (61,56,'Check the weather',2,1,NULL,1359302511,0),
 (62,56,'Dress for success',2,1,NULL,1359302511,0),
 (63,56,'Bring food',2,NULL,NULL,1359302511,0),
 (64,56,'Bug Spray!',2,NULL,NULL,1359302511,0),
 (65,56,'No children, no worries',2,NULL,NULL,1359302511,0),
 (66,56,'Check some videos',3,NULL,NULL,1359303377,0),
 (67,57,'dfsfasdf',2,NULL,NULL,1359395075,0),
 (68,57,'asdfadsfasdf',2,NULL,NULL,1359395075,0),
 (69,57,'asdfasdf',2,NULL,NULL,1359395075,0),
 (70,58,'Rıhtım',2,NULL,NULL,1359396537,0),
 (71,58,'Rıhtımsız',2,NULL,NULL,1359396537,0),
 (72,58,'Rıhtımlı',2,NULL,NULL,1359396537,0),
 (73,55,'kız kulesi',8,2,1,1359402212,0),
 (74,55,'nişantaşı',8,1,1,1359402212,0),
 (75,55,'sultan ahmet',8,1,0,1359402212,0),
 (76,59,'nüfus cuzdanı',8,NULL,NULL,1359402770,0),
 (77,59,'tc kimlik numarası',8,1,NULL,1359402770,0),
 (78,59,'ücret bordrosu',8,NULL,NULL,1359402771,0),
 (79,59,'banka:)',8,1,NULL,1359402771,0),
 (80,59,'temiz sicil',8,1,NULL,1359402771,0),
 (81,59,'kefil',8,NULL,NULL,1359402771,0),
 (82,60,'Pixelplus Interactive',3,NULL,NULL,1359402816,0),
 (83,60,'Ping Digital',3,NULL,NULL,1359402816,0),
 (84,60,'Wanda Digital',3,NULL,NULL,1359402816,0),
 (85,60,'Promoqube',3,NULL,NULL,1359402816,0),
 (86,60,'41? 29!',3,NULL,NULL,1359402816,0),
 (87,60,'McCann',3,NULL,NULL,1359402816,0),
 (88,60,'Wunderman',3,NULL,NULL,1359402816,0),
 (89,60,'UNC Digital',3,NULL,NULL,1359402816,0),
 (90,59,'biraz da şans',2,2,NULL,1359402827,0),
 (91,55,'İstanbul Modern Sanat',9,2,NULL,1359403168,0),
 (92,61,'ilham',8,1,NULL,1359403174,0),
 (93,61,'şair',8,NULL,NULL,1359403186,0),
 (94,61,'kalem',8,0,NULL,1359403197,0),
 (95,61,'aşk',8,1,NULL,1359403203,0),
 (96,61,'doğa',8,NULL,NULL,1359403212,0),
 (97,55,'Büyük ada',9,2,NULL,1359403238,0),
 (98,61,'kalem',2,1,NULL,1359403350,0),
 (99,61,'kağıt',2,1,NULL,1359403350,0),
 (100,61,'ince ruh',8,1,NULL,1359403499,0),
 (101,61,'edebiyat',8,1,NULL,1359403499,0),
 (102,62,'Bere',9,1,NULL,1359403550,0),
 (103,62,'Atkı',9,1,NULL,1359403550,0),
 (104,62,'Çanta',9,1,NULL,1359403550,0),
 (105,62,'Şal',9,NULL,NULL,1359403550,0),
 (106,62,'Cüzdan',9,NULL,NULL,1359403550,0),
 (107,62,'Küpe',9,1,NULL,1359403550,0),
 (108,62,'Kolye',9,1,NULL,1359403550,0),
 (109,62,'Saat',9,1,NULL,1359403550,0),
 (110,62,'Eldiven',9,1,NULL,1359403562,0),
 (111,62,'Yüzük',9,1,NULL,1359403572,0),
 (112,63,'Fenerbahçe',9,3,NULL,1359403685,0),
 (113,63,'Galatasaray',9,0,0,1359403685,0),
 (114,63,'Beşiktaş',9,0,0,1359403685,0),
 (115,63,'Trabzon',9,0,0,1359403685,0),
 (116,63,'Akhisar Spor',9,1,1,1359403685,0),
 (117,62,'Ayakkabı',9,3,NULL,1359403722,0),
 (118,62,'Çizme',9,NULL,NULL,1359403722,0),
 (119,62,'Toka',8,NULL,NULL,1359403837,0),
 (120,62,'Yaka',8,1,1,1359403837,0),
 (121,64,'Kovboy filmi izlemek',3,2,NULL,1359403837,0),
 (122,64,'Muhteşem bir kahvaltı',3,NULL,NULL,1359403837,0),
 (123,64,'Öğlene kadar uyumak',3,NULL,NULL,1359403837,0),
 (124,64,'Alışveriş',3,NULL,NULL,1359403837,0),
 (125,64,'Temizlik',3,1,1,1359403838,0),
 (126,65,'gelin',8,2,1,1359404103,0),
 (127,65,'damat',8,2,1,1359404103,0),
 (128,65,'gelinlik',8,0,0,1359404103,0),
 (129,65,'smokin',8,NULL,NULL,1359404103,0),
 (130,65,'nikah memuru',8,2,NULL,1359404103,0),
 (131,65,'nikah tarihi',8,2,NULL,1359404103,0),
 (132,65,'ev',8,NULL,NULL,1359404104,0),
 (133,60,'Pure New Media',3,NULL,NULL,1359404453,0),
 (134,60,'Clockwork',3,NULL,NULL,1359404453,0),
 (135,60,'Likeable Istanbul',3,NULL,NULL,1359404453,0),
 (136,60,'Rabarba',3,NULL,NULL,1359404453,0),
 (137,60,'Sosyopath',3,NULL,NULL,1359404453,0),
 (138,60,'MagiClick',3,NULL,NULL,1359404453,0),
 (139,60,'Voden',3,NULL,NULL,1359404453,0),
 (140,60,'Project House',3,NULL,NULL,1359404453,0),
 (141,60,'Kollektif',3,NULL,NULL,1359404454,0),
 (142,60,' Alafortanfoni',3,NULL,NULL,1359404454,0),
 (143,60,'C-Section',3,NULL,NULL,1359404454,0),
 (144,65,'balayı',8,2,NULL,1359404477,0),
 (145,65,'aile büyükleri',8,2,NULL,1359404495,0),
 (146,66,'Facebook',3,1,NULL,1359404580,0),
 (147,66,'Twitter',3,3,NULL,1359404580,0),
 (148,66,'Foursquare',3,NULL,NULL,1359404580,0),
 (149,66,'Instagram',3,2,NULL,1359404580,0),
 (150,66,'Tumblr',3,1,NULL,1359404580,0),
 (151,66,'YouTube',3,0,0,1359404580,0),
 (152,66,'Pinterest',3,2,NULL,1359404580,0),
 (153,66,'Vimeo',3,NULL,NULL,1359404580,0),
 (154,66,'Google Plus',3,NULL,NULL,1359404580,0),
 (155,66,'Linkedin',3,NULL,NULL,1359404580,0),
 (156,67,'dağcılık',8,NULL,NULL,1359404685,0),
 (157,67,'snowboard',8,1,NULL,1359404827,0),
 (158,67,'boks',8,NULL,NULL,1359404827,0),
 (159,67,'futbol',8,NULL,NULL,1359404827,0),
 (160,67,'araba-motor yarışı',8,NULL,NULL,1359404827,0),
 (161,67,'yamaç paraşütü',8,2,NULL,1359404827,0),
 (162,68,'Tuzlu kurabiye',3,1,NULL,1359404858,0),
 (163,68,'Tatlı kurabiye',3,NULL,NULL,1359404858,0),
 (164,68,'Kek',3,1,1,1359404858,0),
 (165,68,'Poğaça',3,NULL,NULL,1359404858,0),
 (166,68,'Simit',3,NULL,NULL,1359404859,0),
 (167,69,'Deniz',3,2,NULL,1359405045,0),
 (168,69,'Kum',3,NULL,NULL,1359405045,0),
 (169,69,'Güneş',3,NULL,NULL,1359405045,0),
 (170,69,'Yayla evi',3,2,NULL,1359405045,0),
 (171,69,'Karavana',3,NULL,1,1359405045,0),
 (172,70,'Vosvos',3,NULL,NULL,1359405093,0),
 (173,70,'Nissan Micra',3,NULL,NULL,1359405093,0),
 (174,70,'Fiat 500',3,1,NULL,1359405093,0),
 (175,71,'papatya',8,3,0,1359405215,0),
 (176,71,'gül',8,NULL,NULL,1359405215,0),
 (177,71,'menekşe',8,2,NULL,1359405215,0),
 (178,71,'nergis',8,NULL,NULL,1359405216,0),
 (179,71,'lale',8,1,NULL,1359405216,0),
 (180,71,'kasımpatı',8,NULL,NULL,1359405216,0),
 (181,71,'karanfil',8,1,NULL,1359405216,0),
 (182,71,'sarmaşık',8,NULL,NULL,1359405216,0),
 (183,71,'atatürk çiçeği',8,NULL,NULL,1359405216,0),
 (184,71,'lavanta',8,0,NULL,1359405216,0),
 (185,71,'orkide',8,1,NULL,1359405216,0),
 (186,72,'Amour',9,1,NULL,1359405425,0),
 (187,72,'Argo',9,NULL,NULL,1359405425,0),
 (188,72,'Beasts of the Southern Wild',9,NULL,NULL,1359405425,0),
 (189,72,'Django Unchained',9,2,1,1359405425,0),
 (190,72,'Les Misérables',9,2,NULL,1359405425,0),
 (191,72,'Life of Pi',9,NULL,NULL,1359405425,0),
 (192,72,'Lincoln',9,1,NULL,1359405425,0),
 (193,72,'Silver Linings Playbook',9,NULL,NULL,1359405425,0),
 (194,72,'Zero Dark Thirty',9,NULL,NULL,1359405425,0),
 (195,73,'Wunderlist',9,1,NULL,1359405589,0),
 (196,73,'Any.do',9,NULL,NULL,1359405589,0),
 (197,73,'Google tasks',9,NULL,NULL,1359405589,0),
 (198,73,'Remember the milk',9,1,NULL,1359405589,0),
 (199,53,'Inception',9,2,NULL,1359405674,0),
 (200,66,'Fancy',3,NULL,NULL,1359405703,0),
 (201,53,'The notebook',8,0,NULL,1359406007,0),
 (202,53,'Sherlock holmes',8,1,NULL,1359406007,0),
 (203,53,'Gladiator',9,2,1,1359406064,0),
 (204,70,'Mini Cooper',3,1,NULL,1359406216,0),
 (205,70,'Smart',3,NULL,NULL,1359406216,0),
 (206,53,'Sweet Nowember',8,1,1,1359406247,0),
 (207,53,'Eşkiya',8,1,1,1359406247,0),
 (208,53,'A Beautiful Mind',8,1,NULL,1359406353,0),
 (209,53,'The Sixth Sense',8,1,NULL,1359406388,0),
 (210,74,'Star Tv',8,NULL,NULL,1359406786,0),
 (211,74,'VJ',8,1,NULL,1359406786,0),
 (212,74,'Alf',8,1,NULL,1359406786,0),
 (213,74,'Neon Renkli Taytlar',8,NULL,NULL,1359406786,0),
 (214,74,'Perma',8,2,NULL,1359406786,0),
 (215,74,'Saç Bandı',8,2,NULL,1359406786,0),
 (216,75,'Arkadaşlarla havuz keyfi yapmak',3,1,NULL,1359406791,0),
 (217,75,'Festivallere katılmak ',3,NULL,NULL,1359406791,0),
 (218,75,'İş çıkışı bir mekana gidip arkadaşlarla soğuk bira içmek',3,NULL,NULL,1359406791,0),
 (219,75,'Açık hava film festivallerine gitmek',3,NULL,NULL,1359406791,0),
 (220,76,'Kenter Tiyatrosu',8,1,NULL,1359407047,0),
 (221,76,'Oyun Atolyesi',8,2,NULL,1359407091,0),
 (222,76,'Zakoğlu Oda Tiyatrosu',8,1,NULL,1359407091,0),
 (223,76,'Üsküdar Tekel Sahnesi',8,NULL,NULL,1359407092,0),
 (224,76,'Krek',8,NULL,NULL,1359407132,0),
 (225,76,'Mekan Artı',8,NULL,NULL,1359407178,0),
 (226,77,'Let it Be',9,1,NULL,1359407512,0),
 (227,77,'All My Loving',9,1,NULL,1359407512,0),
 (228,77,'Strawberry Fields Forever',9,1,NULL,1359407512,0),
 (229,77,'Come Together',9,1,NULL,1359407512,0),
 (230,77,'Yesterday',9,1,NULL,1359407512,0),
 (231,78,'Avoid “white” carbohydrates',9,1,NULL,1359407903,0),
 (232,78,'Eat the same few meals over and over again',9,1,NULL,1359407903,0),
 (233,78,'Don’t drink calories',9,1,NULL,1359407903,0),
 (234,78,'Take one day off per week',9,1,NULL,1359407903,0),
 (235,79,'Bluehost',9,1,NULL,1359408653,0),
 (236,79,'Inmotion hosting',9,NULL,NULL,1359408654,0),
 (237,79,'Web Hosting hub',9,NULL,NULL,1359408654,0),
 (238,79,'Dream Host',9,NULL,NULL,1359408654,0),
 (239,79,'WP Engine',9,1,NULL,1359408654,0),
 (240,79,'HostGator',9,1,NULL,1359408654,0),
 (241,80,'Harry Potter and the Sorcerer\'s Stone',9,NULL,NULL,1359408862,0),
 (242,80,'Harry Potter and the Chamber of Secrets',9,NULL,NULL,1359408862,0),
 (243,80,'Harry Potter and the Prisoner of Azkaban',9,1,NULL,1359408862,0),
 (244,80,'Harry Potter and the Goblet of Fire',9,2,NULL,1359408862,0),
 (245,80,'Harry Potter and the Order of the Phoenix',9,NULL,NULL,1359408862,0),
 (246,80,'Harry Potter and the Half-Blood Prince',9,NULL,1,1359408862,0),
 (247,80,'Harry Potter and the Deathly Hallows: Part 1',9,1,NULL,1359408862,0),
 (248,80,'Harry Potter and the Deathly Hallows: Part 2',9,1,NULL,1359408862,0),
 (249,81,'Star Wars: Episode I - The Phantom Menace ',9,2,NULL,1359409010,0),
 (250,81,'Star Wars: Episode II - Attack of the Clones',9,1,NULL,1359409010,0),
 (251,81,'Star Wars: Episode III - Revenge of the Sith',9,1,NULL,1359409010,0),
 (252,81,'Star Wars: Episode IV - A New Hope',9,1,NULL,1359409010,0),
 (253,81,'Star Wars: Episode V - The Empire Strikes Back',9,1,NULL,1359409010,0),
 (254,81,'Star Wars: Episode VI - Return of the Jedi',9,1,NULL,1359409010,0),
 (255,82,'Google Search',9,1,0,1359409285,0),
 (256,82,'Google Maps',9,0,0,1359409285,0),
 (257,82,'Google Glass',9,2,NULL,1359409285,0),
 (258,82,'Gmail',9,0,NULL,1359409285,0),
 (259,82,'Google Analytics',9,0,NULL,1359409285,0),
 (260,82,'Google+',9,0,NULL,1359409285,0),
 (261,82,'Google Reader',9,0,NULL,1359409285,0),
 (262,82,'Youtube',9,NULL,NULL,1359409286,0),
 (263,82,'Google Drive',9,NULL,NULL,1359409286,0),
 (264,82,'Zeitgeist',9,NULL,NULL,1359409286,0),
 (265,83,'Enter first item here',2,NULL,NULL,1359487077,0),
 (266,84,'asdf',2,NULL,NULL,1359487285,0),
 (267,55,'Kuzguncuk',8,1,NULL,1359580028,0),
 (268,85,'Atatürk',8,4,NULL,1359581213,0),
 (269,85,'Obama',8,0,NULL,1359581213,0),
 (270,85,'Hitler',8,2,NULL,1359581213,0),
 (271,85,'Kanuni',8,NULL,NULL,1359581213,0),
 (272,85,'Bill Clinton',8,NULL,NULL,1359581213,0),
 (273,85,'Che',8,1,NULL,1359581213,0),
 (274,85,'Benazir Bhutto',8,1,NULL,1359581217,0),
 (275,85,'George W. Bush',2,NULL,NULL,1359581299,0),
 (276,53,'Django Unchained',2,1,NULL,1359622032,0),
 (277,86,'Genel anlamda acısız bir işlem.',15,NULL,NULL,1359623028,0),
 (278,86,'Türkiye`de en uygun fiyatlar greft(kök) başına 1 tl`den başlıyor.',15,NULL,NULL,1359623028,0),
 (279,86,'Uygulama sonrası hastaya göre %80`lik bir oranda ödem oluşuyor.',15,NULL,NULL,1359623028,0),
 (280,86,'En iyi görünüm/sonuç için estetik uzmanı gözetiminde olması gerekiyor.',15,NULL,NULL,1359623028,0),
 (281,86,'Ortalama 10-15 gün içinde yaralar iyileşiyor ve hasta eski rutinine geri dönebiliyor.',15,NULL,NULL,1359623028,0),
 (282,53,'Star Wars Saga',15,1,NULL,1359623675,0),
 (283,53,'Three idiots',15,NULL,NULL,1359623675,0),
 (284,53,'Brave Heart',15,1,NULL,1359623675,0),
 (285,87,'Pazarlama',15,1,NULL,1359624397,0),
 (286,87,'Ara elemanların yeterli eğitime sahip olmamaları',15,NULL,NULL,1359624397,0),
 (287,87,'Giderek yükselen arazi fiyatları',15,NULL,NULL,1359624397,0),
 (288,87,'Sulama sistemlerine adaptasyon güçlüğü(bilgisizlik,maliyet)',15,1,NULL,1359624397,0),
 (289,87,'Yüksek mazot ve gübre maliyetleri',15,NULL,NULL,1359624397,0),
 (290,87,'Yetersiz tarım ürün borsaları',15,1,NULL,1359624397,0),
 (291,87,'Üreticilerin borç yükü',15,NULL,NULL,1359624397,0),
 (292,87,'Dünya trendlerine uyamayan tarımsal üretim ',15,NULL,NULL,1359624397,0),
 (293,87,'Bilinçsiz ve kayıtsız üretimle ortaya çıkan fazla üretim',15,1,NULL,1359624397,0),
 (294,87,'Bilgisizlik kaynaklı yanlış tohum kullanımı',15,1,NULL,1359624397,0),
 (295,87,'Tohum konusunda bilgisi olmayan insanların yanlış yönlendirmeleri',15,NULL,NULL,1359624397,0),
 (296,88,'Admin bana ulaş',3,0,1,1359629209,0),
 (297,88,'Adam haklı beyler, dağılın!',3,4,NULL,1359629209,0),
 (298,88,'Takip edeni takip ederim',3,1,NULL,1359629209,0),
 (299,88,'Hayırlı Cumalar',3,NULL,NULL,1359629209,0),
 (300,88,'Bir viral çekelim!',3,NULL,NULL,1359629209,0),
 (301,88,'Sosyal medyada her şey gerçek!',3,NULL,NULL,1359629210,0),
 (302,88,'Bir şey çıkacak ve Facebook’u tahtından indirecek.',3,1,NULL,1359629210,0),
 (303,74,'Susam Sokağı',16,2,NULL,1359633926,0),
 (304,74,'Bizimkiler',16,3,NULL,1359633926,0),
 (305,74,'Kaptan Tsubasa',16,3,NULL,1359633933,0),
 (306,74,'Taso',16,3,NULL,1359634001,0),
 (307,74,'Sanal Bebek',16,1,NULL,1359634044,0),
 (308,89,'Christopher Nolan',16,2,NULL,1359635117,0),
 (309,89,'David Fincher',16,1,NULL,1359635117,0),
 (310,89,'Steven Spielberg',16,2,NULL,1359635124,0),
 (311,89,'Martin Scorsese',16,2,NULL,1359635132,0),
 (312,89,'Darren Aronofsky',16,NULL,NULL,1359635137,0),
 (313,89,'James Cameron',16,1,NULL,1359635142,0),
 (314,89,'Stanley Kubrick',16,1,NULL,1359635248,0),
 (315,89,'Quentin Tarantino',16,2,0,1359635248,0),
 (316,89,'Clint Eastwood',16,1,NULL,1359635248,0),
 (317,89,'Tim Burton',16,2,NULL,1359635248,0),
 (318,89,'Roman Polanski',16,NULL,NULL,1359635248,0),
 (319,89,'Ridley Scott',16,NULL,NULL,1359635248,0),
 (320,89,'Michael Mann',16,NULL,NULL,1359635248,0),
 (321,89,'Woody Allen',16,3,NULL,1359635248,0),
 (322,89,'Oliver Stone',16,NULL,NULL,1359635248,0),
 (323,89,'J.J. Abrams',16,1,NULL,1359635248,0),
 (324,89,'David Lynch',16,1,NULL,1359635248,0),
 (325,89,'Peter Jackson',16,1,NULL,1359635248,0),
 (326,90,'Kürk Mantolu Madonna (Sabahattin Ali)',16,1,NULL,1359635419,0),
 (327,90,'Puslu Kıtalar Atlası (İhsan Oktay Anar)',16,NULL,NULL,1359635434,0),
 (328,90,'Tutunamayanlar (Oğuz Atay)',16,1,NULL,1359635450,0),
 (329,90,'Aylak Adam (Yusuf Atılgan)',16,NULL,NULL,1359635466,0),
 (330,90,'Saatleri Ayarlama Enstitüsü (Ahmet Hamdi Tanpınar)',16,NULL,NULL,1359635484,0),
 (331,90,'Suskunlar (İhsan Oktay Anar)',16,NULL,NULL,1359635505,0),
 (332,90,'Ölmeye Yatmak (Adalet Ağaoğlu)',16,NULL,NULL,1359635532,0),
 (333,90,'Sevgili Arsız Ölüm (Latife Tekin)',16,NULL,NULL,1359635549,0),
 (334,90,'Sessiz Ev (Orhan Pamuk)',16,1,NULL,1359635576,0),
 (335,90,'Huzur (Ahmet Hamdi Tanpınar)',16,NULL,NULL,1359635593,0),
 (336,91,'30 gün karbonhidratla beslenmeyin.(ölmezsiniz korkmayın)',15,NULL,NULL,1359639448,0),
 (337,91,'Protein ve lifli gıdalar,yeşil sebzeler tüketin.',15,NULL,NULL,1359639448,0),
 (338,91,'Günde ortalama 30 dakika yürüyün-Araba varsa evden uzağa park edin.Otobüsten,dolmuştan bir durak önce-sonra, inin-binin.',15,1,NULL,1359639448,0),
 (339,91,'İlk 10 gün hayatımın tadı tuzu yok diyeceksiniz ama daha sonra beyniniz sizi bu yaşama alıştıracak.',15,1,NULL,1359639448,0),
 (340,91,'Sabah kahvaltısında yumurta ve yağsız peynir yiyin ben bununla nasıl doyarım demeyin.',15,1,NULL,1359639448,0),
 (341,91,'Ana yemek aralarında minik kase yoğurt içine badem ve kayısı kurusu doğrayın.Afiyetle yiyin.',15,NULL,NULL,1359639448,0),
 (342,88,'Tanisiyor muyuz?',18,1,NULL,1359719516,0),
 (343,92,'Artık herkes Sosyal Medya\'da',3,NULL,NULL,1359719728,0),
 (344,92,'Satın alma eğilimi yüksek',3,NULL,NULL,1359719728,0),
 (345,92,'Arkadaş ve seçme eğilimi var',3,NULL,NULL,1359719728,0),
 (346,92,'Haber alma ve bilgi paylaşımı',3,NULL,NULL,1359719728,0),
 (347,93,'İçerik üretir',3,2,NULL,1359719848,0),
 (348,93,'Rapor hazırlar',3,1,NULL,1359719848,0),
 (349,93,'Araştırır',3,1,NULL,1359719848,0),
 (350,93,'Trendleri izler',3,1,NULL,1359719848,0),
 (351,93,'Proje yönetir',3,1,NULL,1359719848,0),
 (352,93,'Moderasyon yapar',3,NULL,NULL,1359719848,0),
 (353,94,'Sorun sende değil bende',20,1,NULL,1359723306,0),
 (354,94,'Sen benden daha iyilerine layıksın. Gerçekten!',20,4,NULL,1359723306,0),
 (355,94,'Biraz ara verelim.',20,NULL,NULL,1359723306,0),
 (356,94,'Böylesi ikimiz için de daha iyi olacak',3,NULL,NULL,1359725876,0),
 (357,94,'Seni üzmek istemiyorum',3,NULL,NULL,1359725876,0),
 (358,94,'Ben seni haketmiyorum',3,2,NULL,1359725876,0),
 (359,94,'Saçmalama hayatımda tabi ki başka biri yok.',20,1,NULL,1359725900,0),
 (360,88,'Teraziye tıkla artı rep',20,NULL,NULL,1359726097,0),
 (361,95,'Inception (2010)',9,3,NULL,1359797193,0),
 (362,95,'Blood Diamond (2006)',9,2,NULL,1359797193,0),
 (363,95,'Titanic (1997)',9,1,NULL,1359797193,0),
 (364,95,'Shutter Island (2010)',9,2,NULL,1359797193,0),
 (365,95,'The Departed (2006)',9,1,NULL,1359797193,0),
 (366,95,'Gangs of New York (2002)',9,2,NULL,1359797193,0),
 (367,95,'The Aviator (2004)',9,NULL,NULL,1359797193,0),
 (368,95,'Catch Me If You Can (2002)',9,NULL,NULL,1359797193,0),
 (369,95,'Revolutionary Road (2008)',9,NULL,NULL,1359797193,0),
 (370,95,'Body of Lies (2008)',9,NULL,NULL,1359797193,0),
 (371,95,'What\'s Eating Gilbert Grape (1993)',9,1,NULL,1359797265,0),
 (372,95,'The Man in the Iron Mask (1998)',9,NULL,NULL,1359797265,0),
 (373,95,'The Quick and the Dead (1995)',9,NULL,NULL,1359797265,0),
 (374,95,'The Beach (2000)',9,NULL,NULL,1359797265,0),
 (375,96,'Öncelikle 1 litre suyu 2 bardak(240cl) seker ile kaynatın.',15,NULL,NULL,1359990342,0),
 (376,96,'4 adet limon kabuğunu rendeleyin.Rende limon kabuklarını kaynamış suya atın.',15,NULL,NULL,1359990342,0),
 (377,96,'Keyfe göre bir avuç taze nane ve fındık büyüklüğünde bir parça zencefil havanda ezilip karışıma katılabilir.Ferahlatır.',15,NULL,NULL,1359990342,0),
 (378,96,'Sıcak karışımı soğumaya bırakalım.Rendelenmiş limonların sularını sıkıp ayıralım.',15,NULL,NULL,1359990342,0),
 (379,96,'Soğuyan karışıma sıktığımız limon suyunu da ekleyip, bir süzgeç yardımı ile 2 litrelik bir sürahiye dökelim.',15,NULL,NULL,1359990342,0),
 (380,96,'Bir limonu dilimleyelim ve 1 litre soğuk su ile sürahiye ekleyelim.',15,NULL,NULL,1359990342,0),
 (381,96,'Buzdolabına koyduğumuz limonatamız 40 dakika sonra içime hazır.İsterseniz buz ile servis yaparak süre kısaltılabilir.',15,NULL,NULL,1359990342,0),
 (382,97,'Abanoz ağacından olmalıdır',2,NULL,NULL,1360516599,0),
 (383,97,'Klarnetin gövdesinde çatlak olmamalıdır',2,NULL,NULL,1360516599,0),
 (384,97,'Perdeler düzgün olmalıdır',2,NULL,NULL,1360516599,0),
 (385,97,'Yaylar yumuşak olmalıdır',2,NULL,NULL,1360516599,0),
 (386,97,'Aksam gümüş olmalıdır',2,NULL,NULL,1360516599,0),
 (387,98,'Baş parmağımız sazı tutar',2,NULL,NULL,1360516841,0),
 (388,98,'Sol parmaklarımız üstteki delikleri kapatır',2,NULL,NULL,1360516841,0),
 (389,98,'Sağ parmaklarımız alttaki delikleri kapatır',2,NULL,NULL,1360516841,0),
 (390,99,'Yüksek sesle müzik dinlemeyin',3,1,NULL,1360517150,0),
 (391,99,'Oturmak için kapıda insanları itmeyin',3,NULL,NULL,1360517150,0),
 (392,99,'Bekleme yapmayın',3,NULL,NULL,1360517150,0),
 (393,99,'Kavgalara aldırmayın',3,NULL,NULL,1360517150,0),
 (394,100,'Mersin',2,NULL,NULL,1360524533,0),
 (395,101,'Müzik',2,NULL,NULL,1360524717,0),
 (396,102,'mzüzikasd',2,NULL,NULL,1360524804,0),
 (397,103,'Büyükler',2,NULL,NULL,1360524882,0),
 (398,104,'asd',2,NULL,NULL,1360525568,0),
 (399,105,'asd',2,NULL,NULL,1360525709,0),
 (400,106,'asdf',2,NULL,NULL,1360526417,0),
 (401,107,'asdf',2,NULL,NULL,1360526495,0),
 (402,108,'müzisyen',2,NULL,NULL,1360526646,0),
 (403,109,'asd',2,NULL,NULL,1360527449,0),
 (404,110,'asd',2,NULL,NULL,1360527779,0),
 (405,111,'sad',2,NULL,NULL,1360527862,0),
 (406,112,'gülmek',8,1,NULL,1360527992,0),
 (407,112,'ağlamak',8,NULL,NULL,1360527992,0),
 (408,112,'spor',8,NULL,NULL,1360527992,0),
 (409,112,'yemek yemek',8,NULL,NULL,1360527992,0),
 (410,112,'çikolata',8,NULL,NULL,1360527992,0),
 (411,112,'seks',8,NULL,NULL,1360527992,0),
 (412,112,'nefes egzersizleri',8,NULL,NULL,1360527992,0),
 (413,112,'antidepresan',8,NULL,NULL,1360527992,0),
 (414,112,'yaşlanmak',2,NULL,NULL,1360528631,0),
 (415,112,'kucaklaşmak',2,NULL,NULL,1360528823,0),
 (416,112,'sarılmak',2,1,NULL,1360529031,0),
 (417,113,'Kalsiyum, fosfor ve flüor bakımından yetersiz besinlerin alınması',2,NULL,NULL,1360529161,0),
 (418,113,'Şekerli besinlerin aşırı tüketilmesi',2,1,NULL,1360529161,0),
 (419,113,'Dişlerin fırçalanmaması',2,1,NULL,1360529161,0),
 (420,113,'Yumuşak besinlerle beslenilmesi',2,NULL,NULL,1360529161,0),
 (421,113,'Yanlış ve hatalı ilaç kullanılması',2,NULL,NULL,1360529161,0),
 (422,99,'Şöförle muhattap olmayın',2,NULL,NULL,1360529283,0),
 (423,114,'Mustafa Kandıralı',2,NULL,NULL,1360529727,0),
 (424,114,'Şükrü Tunar',2,NULL,NULL,1360529727,0),
 (425,114,'Serkan Çağrı',2,1,NULL,1360529727,0),
 (426,114,'Tolga Akşit',2,NULL,NULL,1360529727,0),
 (427,114,'Bülent Altınbaş',2,NULL,NULL,1360529727,0),
 (435,116,'Tunç Ünver',2,NULL,NULL,1360609184,0),
 (436,116,'Verda Erman',2,NULL,NULL,1360609184,0),
 (437,116,'İdil Biret',2,NULL,NULL,1360609184,0),
 (438,116,'Fazıl Say',2,NULL,NULL,1360609184,0),
 (439,117,'Java',2,NULL,NULL,1360609868,0),
 (440,117,'Php',2,NULL,NULL,1360609868,0),
 (441,117,'C#',2,NULL,NULL,1360609868,0),
 (442,117,'C++',2,NULL,NULL,1360609868,0),
 (443,55,'Galata Kulesi',2,1,NULL,1360610493,0),
 (444,118,'Windows 7',2,1,NULL,1360612360,0),
 (445,118,'Windows 8',2,NULL,NULL,1360612360,0),
 (446,118,'Windows 3.1',2,NULL,1,1360612360,0),
 (447,118,'Windows 98',2,1,NULL,1360612360,0),
 (448,119,'deneme',2,NULL,NULL,1360691457,0),
 (449,120,'Dell http://www.dell.com/us/p/laptops',2,4,NULL,1360742053,0),
 (450,120,'Asus',2,2,NULL,1360742053,0),
 (451,120,'HP',2,NULL,NULL,1360742053,0),
 (452,120,'Sony',2,2,NULL,1360742053,0),
 (453,121,'Cemil İpekçi cemilipekci.com.tr',8,103,0,1360753183,0),
 (454,121,'Dilek Hanif http://www.dilekhanif.com/',8,31,NULL,1360753183,0),
 (455,121,'Yıldırım Mayruk',8,21,NULL,1360753183,0),
 (456,121,'Barboros Şansal http://barbarossansal.blogspot.com/',8,80,NULL,1360753183,0),
 (457,121,'Cengiz Abazoğlu http://www.cengizabazoglu.net/',8,57,NULL,1360753183,0),
 (458,121,'Arzu Kaprol http://www.arzukaprol.net',8,43,1,1360753183,0),
 (459,121,'Atıl Kutoğlu http://www.atilkutoglu.com/',8,28,NULL,1360753183,0),
 (460,121,'Nur Yerlitaş',8,19,NULL,1360753183,0),
 (461,122,'üst bedenine oturan kıyafeteler tercih eder',8,NULL,NULL,1360753916,0),
 (462,122,'göğüs dekoltesi kullanır',8,NULL,NULL,1360753916,0),
 (463,122,'bel inceliğini ortaya cıkaran A tipi elbiseler giyer',8,1,NULL,1360753916,0),
 (464,122,'geniş paça veya boru paça pantolonlar tercih eder',8,1,NULL,1360753916,0),
 (465,122,'abartılı işleme ve desenlerden kaçınır',8,2,NULL,1360753916,0),
 (466,120,'Apple',9,4,NULL,1360828727,0),
 (467,123,'Happy Moon`s - Fenerbahçe',15,2,NULL,1360828845,0),
 (468,123,'Palm D`oro - Suadiye',15,NULL,1,1360828845,0),
 (469,123,'Pinhan-Küçükyalı',15,NULL,1,1360828845,0),
 (470,123,'Çamlıca Köşkü - Çamlıca',2,2,NULL,1360829623,0),
 (471,124,'Beyoğlu İş merkezi ',15,NULL,NULL,1360830739,0),
 (472,124,'Terkos pasajı - Taksim',15,NULL,NULL,1360830739,0),
 (473,124,'Opera pasajı - Kadıköy ',15,NULL,NULL,1360830739,0),
 (474,125,'Techcrunch techcrunch.com',9,6,NULL,1360830957,0),
 (475,125,'Mashable mashable.com',9,4,NULL,1360830957,0),
 (476,125,'GigaOm gigaom.com',9,NULL,NULL,1360830957,0),
 (477,125,'Venturebeat venturebeat.com',9,2,NULL,1360830957,0),
 (478,125,'Information Week http://www.informationweek.com/',9,NULL,NULL,1360830957,0),
 (479,120,'Alien',15,1,NULL,1360837412,0),
 (480,120,'Monster',15,NULL,0,1360837412,0),
 (481,126,'Stavros Pazarentsiz http://www.youtube.com/watch?v=i5cM0eyamPg',2,0,NULL,1360857944,0),
 (482,126,'Tolga Akşit http://www.youtube.com/watch?v=GZOdPxM8OMo',2,2,NULL,1360857944,0),
 (483,126,'Şükrü Tunar http://www.youtube.com/watch?v=_7oAPESu2T0',2,1,NULL,1360857944,0),
 (484,127,'Les Paul\'s 96th Birthday\r\nhttp://www.google.com/doodles/les-pauls-96th-birthday',8,1,NULL,1360861333,0),
 (485,127,'Robert Moog\'s 78th Birthday\r\nhttp://www.google.com/doodles/robert-moogs-78th-birthday',8,2,NULL,1360861333,0),
 (486,127,'Barış Manço\'s 70th Birthday\r\nhttp://www.google.com/doodles/bars-mancos-70th-birthday',8,3,NULL,1360861333,0),
 (487,127,'Clara Schumann\'s 193rd Birthday\r\n http://www.google.com/doodles/clara-schumanns-193rd-birthday',8,NULL,NULL,1360861333,0),
 (488,120,'Fujitsu',2,NULL,1,1360875373,0),
 (489,120,'Casper',2,NULL,1,1360875399,0),
 (490,128,'Daha büyük ekran',2,1,1,1360875452,0),
 (491,128,'Daha uzun pil ömrü',2,4,NULL,1360875452,0),
 (492,126,'İsmail Bergamalı http://www.youtube.com/watch?v=phlrAaNDdgs',2,1,NULL,1360875962,0),
 (493,123,'Lacivert Restaurant - Beykoz http://www.lacivertrestaurant.com/',2,NULL,1,1360877426,0),
 (494,120,'Toshiba',2,1,NULL,1360878326,0),
 (495,129,'İpek',8,2,NULL,1360883349,0),
 (496,129,'Dantel',8,1,NULL,1360883349,0),
 (497,129,'Tafta',8,NULL,NULL,1360883349,0),
 (498,129,'Payetli Kumaş',8,1,NULL,1360883349,0),
 (499,129,'Şifon',8,2,NULL,1360883349,0),
 (500,130,'Off Ne Giysem http://www.offnegiysem.com/',8,126,NULL,1360884388,0),
 (501,130,'Style Boom http://style-boom.blogspot.com/',8,116,NULL,1360884388,0),
 (502,130,'Yaşam Stil http://www.yasamstil.com/',8,36,NULL,1360884388,0),
 (503,130,'Nil Erturk www.nilerturk.net',8,61,NULL,1360884388,0),
 (504,130,'Koray Caner www.koraycaner.com',8,83,NULL,1360884388,0),
 (505,131,'Cafe & Theatre http://www.metinzakoglucafetheatre.com/',2,46,NULL,1360884724,0),
 (506,131,'Oyun Atölyesi www.oyunatolyesi.com/',2,34,NULL,1360884724,0),
 (507,131,'Üsküdar Tekel Sahnesi http://www.istdt.gov.tr/turkce/aylik_program/bu_ay_program.asp?lngStageID=7',2,21,1,1360884724,0),
 (508,131,'Kadıköy Haldun Taner Sahnesi http://www.ibb.gov.tr/sites/sehirtiyatrolari/tr-TR/Sayfalar/KadikoyHaldunTanerSahnesi.aspx',2,11,1,1360884724,0),
 (509,131,'Yayla Sanat Merkezi Sahnesi www.yaylasanat.com.tr',2,9,1,1360884724,0),
 (510,131,'İstanbul Halk Tiyatrosu www.istanbulhalktiyatrosu.com',2,8,NULL,1360884724,0),
 (511,132,'Beşiktaş',15,2,1,1360914663,0),
 (512,132,'Fenerbahçe',15,5,1,1360914663,0),
 (513,132,'Galatasaray',15,1,1,1360914663,0),
 (514,132,'Trabzon',15,1,1,1360914663,0),
 (515,133,'Markafoni markafoni.com',3,3,NULL,1360915260,0),
 (516,133,'Gitti Gidiyor gittigidiyor.com',3,3,0,1360915260,0),
 (517,133,'Sahibinden.com',3,2,0,1360915260,0),
 (518,133,'Trendyol trendyol.com',3,1,NULL,1360915260,0),
 (519,133,'Yemek Sepeti yemeksepeti.com',3,2,NULL,1360915260,0),
 (520,133,'Hepsiburada.com',3,3,0,1360915260,0),
 (521,133,'Biletix biletix.com',3,2,NULL,1360915260,0),
 (522,133,'Çiçek Sepeti ciceksepeti.com',3,1,NULL,1360915260,0),
 (523,134,'Webrazzi.com',3,NULL,1,1360916521,0),
 (524,134,'Eticaretmag.com',3,3,NULL,1360916521,0),
 (525,134,'Sosyalmedya.co',3,3,NULL,1360916521,0),
 (526,134,'Sosyalmedyarehberi.net',3,1,1,1360916521,0),
 (527,134,'Shiftdelete.net',3,2,1,1360916521,0),
 (528,134,'Bigumigu.com',3,2,NULL,1360916521,0),
 (529,135,'Ekmek Teknesi http://www.youtube.com/watch?v=edIHS4TYPwU',8,1,NULL,1360929043,0),
 (530,135,'Bizimkiler http://www.youtube.com/watch?v=9fWHjYxYtVA',8,1,NULL,1360929043,0),
 (531,135,'Süper Baba http://www.youtube.com/watch?v=pTeSsEmgt2k',8,1,NULL,1360929043,0),
 (532,135,'Muhteşem Yüzyıl http://www.startv.com.tr/dizi/muhtesemyuzyil',8,NULL,NULL,1360929043,0),
 (533,135,'Kuzey Güney http://www.kanald.com.tr/KuzeyGuney',8,1,1,1360929043,0),
 (534,135,'Leyla ile Mecnun http://www.trt.net.tr/televizyon/detay.aspx?pid=23124',8,1,NULL,1360929043,0),
 (535,135,'İşler Güçler http://www.startv.com.tr/dizi/isler-gucler',8,3,NULL,1360929043,0),
 (536,128,'Kolay şarj',35,NULL,NULL,1360931640,0),
 (537,128,'Daha hafif',36,NULL,NULL,1360931752,0),
 (538,128,'Daha şık tasarım',2,1,NULL,1360932817,0),
 (539,136,'Çay demini alsın diye demliğe 1 kesme şeker atın',15,1,NULL,1360934339,0),
 (540,136,'Acı tatlar için seylan,taze ekşi tatlar için karadeniz çayı',15,NULL,NULL,1360934339,0),
 (541,136,'Çayı kaynamış suya atın',2,NULL,NULL,1360935757,0),
 (542,137,'Refika www.refikaninmutfagi.com',15,1,NULL,1360938492,0),
 (543,137,'Arda www.ardaninmutfagi.com',15,2,NULL,1360938492,0),
 (544,137,'Oktay usta www.oktayustam.com',15,1,NULL,1360938492,0),
 (545,137,'Özgür şef www.ozgursef.com',15,NULL,NULL,1360938492,0),
 (546,138,'The Alchemist',9,3,NULL,1360939768,0),
 (547,138,'Warrior of the Light: A Manual',9,NULL,NULL,1360939768,0),
 (548,138,'The Pilgrimage',9,NULL,NULL,1360939768,0),
 (549,138,'Veronika Decides to Die: A Novel of Redemption',9,2,NULL,1360939768,0),
 (550,125,'Engadget http://www.engadget.com/',2,1,NULL,1360943004,0),
 (551,125,'Wired http://www.wired.com/',2,NULL,NULL,1360943068,0),
 (552,125,'AllThingsD http://allthingsd.com/',2,NULL,NULL,1360943068,0),
 (553,130,'http://www.betwinus.com',44,3,NULL,1360943236,0),
 (554,139,'STEVE AGEE https://twitter.com/steveagee',9,1,NULL,1360945087,0),
 (555,139,'FELICIA DAY https://twitter.com/feliciaday',9,NULL,NULL,1360945087,0),
 (556,139,'KAT DENNINGS https://twitter.com/OfficialKat',9,NULL,NULL,1360945087,0),
 (557,139,'JIMMY FALLON https://twitter.com/jimmyfallon',9,3,NULL,1360945087,0),
 (558,139,'ADAM GOLDBERG https://twitter.com/TheAdamGoldberg',9,3,NULL,1360945087,0),
 (559,139,'GILLIAN JACOBS https://twitter.com/GillianJacobs',9,NULL,NULL,1360945087,0),
 (560,139,'T.J MILLER https://twitter.com/nottjmiller',9,2,NULL,1360945087,0),
 (561,139,'KEVIN SMITH https://twitter.com/ThatKevinSmith',9,NULL,NULL,1360945087,0),
 (562,139,'JAMES URBANIAK https://twitter.com/JamesUrbaniak',9,NULL,NULL,1360945087,0),
 (563,139,'REGGIE WATTS https://twitter.com/reggiewatts',9,NULL,NULL,1360945087,0),
 (564,140,'Rimel',46,2,NULL,1360961171,0),
 (565,140,'Allık',46,1,NULL,1360961171,0),
 (566,140,'Ruj',46,NULL,NULL,1360961171,0),
 (567,140,'Pudra',46,NULL,NULL,1360961171,0),
 (568,140,'Fondoten',46,NULL,NULL,1360961171,0),
 (569,140,'Eyeliner',46,1,NULL,1360961171,0),
 (570,141,'Use mobile shaders',2,43,NULL,1360962382,0),
 (571,141,'Use the performance profiler http://docs.unity3d.com/Documentation/Manual/Profiler.html',2,35,NULL,1360962382,0),
 (572,141,'Use Static/Dynamic batching http://docs.unity3d.com/Documentation/Manual/DrawCallBatching.html',2,30,NULL,1360962382,0),
 (573,141,'Keep your drawcalls low http://forum.unity3d.com/threads/169868-Draw-calls-and-improving-performance.',2,28,NULL,1360962382,0),
 (574,141,'Enable PVRTC compression for textures',2,12,NULL,1360962382,0),
 (575,141,'Optimize audio files',2,11,NULL,1360962382,0),
 (576,141,'Avoid full screen alpha http://forum.unity3d.com/threads/121360-GUI-Performance-problem-with-Shader-on-iOS',2,24,NULL,1360962382,0),
 (577,141,'Use a sprite sheet/atlas where possible',2,15,NULL,1360962382,0),
 (578,141,'Use object pooling http://answers.unity3d.com/questions/321762/how-to-assign-variable-to-a-prefabs-child.html',2,33,NULL,1360962382,0),
 (579,141,'Use uncompressed audio for sound effects',2,8,NULL,1360962382,0),
 (580,141,'Use compressed audio for background music',2,6,NULL,1360962382,0),
 (581,141,'Beware the empty Update functions',2,4,NULL,1360962382,0),
 (582,141,'Coroutines are your friends',2,3,NULL,1360962382,0),
 (583,141,'Avoid Find or GetComponent type calls',2,3,NULL,1360962383,0),
 (584,141,'initialize script variables in Awake() not Start()',2,2,NULL,1360962383,0),
 (585,141,'Skybox shader is your friend',2,NULL,NULL,1360962617,0),
 (586,141,'Many smaller scenes > 1 long loading scene',2,NULL,NULL,1360962634,0),
 (587,141,'Avoid large amounts of blended pixels',2,NULL,NULL,1360962654,0),
 (588,142,'JazzRadio jazzradio.com',2,2,1,1361006770,0),
 (589,142,'Açık Radyo acikradyo.com.tr',2,1,1,1361006770,0),
 (590,142,'Radyo Eksen www.radioeksen.com',2,1,1,1361006770,0),
 (591,142,'RockFM rockfm.com.tr',3,3,1,1361006969,0),
 (592,142,'Joy FM joyfm.karnaval.com',9,4,1,1361007847,0),
 (593,142,'Bira FM http://bira.fm/',9,4,NULL,1361011371,0),
 (594,143,'Zeki Müren',3,2,NULL,1361011382,0),
 (595,143,'Müzeyyen Senar',3,2,NULL,1361011382,0),
 (596,143,'Nesrin Sipahi',3,1,NULL,1361011382,0),
 (597,143,'Behiye Aksoy',3,NULL,NULL,1361011382,0),
 (598,143,'Emel Sayın',3,NULL,NULL,1361011382,0),
 (599,142,'Power FM http://www.powerfm.com.tr/',8,1,1,1361011434,0),
 (600,143,'Safiye Ayla http://www.youtube.com/watch?v=nfJm8SvflkA',2,1,NULL,1361011828,0),
 (601,143,'Şükran Ay http://www.youtube.com/watch?v=61DDJnS2Vr8',8,NULL,NULL,1361011865,0),
 (602,143,'Gönül Akkor http://www.youtube.com/watch?v=qRxiiFkutxs',8,NULL,NULL,1361011958,0),
 (603,144,'Mehmet Turgut http://www.mehmetturgut.com/',3,1,NULL,1361012426,0),
 (604,144,'Nihat Odabaşı http://www.nihatodabasi.com/',3,NULL,NULL,1361012426,0),
 (605,144,'Emrah Altınok http://www.emrahaltinok.com/',3,NULL,NULL,1361012426,0),
 (606,145,'Tantuni https://www.facebook.com/photo.php?fbid=116396365084',3,1,NULL,1361012927,0),
 (607,145,'Kerebiç https://www.facebook.com/photo.php?fbid=101880376535880&set=a.101602489897002.1658.100547603335824&type=3&permPa',3,NULL,NULL,1361012927,0),
 (608,145,'Bici Bici https://www.facebook.com/photo.php?fbid=1020546165',3,1,NULL,1361012927,0),
 (609,145,'Fındık Lahmacun https://www.facebook.com/photo.php?fbid=1642',3,NULL,NULL,1361012927,0),
 (610,145,'Sıkma https://www.facebook.com/photo.php?fbid=12545157751209',3,NULL,NULL,1361012927,0),
 (611,145,'Cezerye https://www.facebook.com/photo.php?fbid=101880373202',3,NULL,NULL,1361012927,0),
 (612,144,'Yılmaz Başar Babür http://yilmazbasarbabur.com/#/home',3,NULL,NULL,1361013258,0),
 (613,146,'Android\'e Iphone dan geçtim',27,3,1,1361016947,0),
 (614,146,'İyi ki geçmişim',27,3,1,1361016947,0),
 (615,146,'Şimdilik Android\'e geçmedim ama denemek istiyorum',27,NULL,NULL,1361016947,0),
 (616,146,'IOS cihazımdan çok memnunum bu dünya bana yeterli',27,1,1,1361016947,0),
 (617,147,'SushiCo',24,1,NULL,1361017933,0),
 (618,147,'Sushi Express http://www.sushiexpress.com.tr',24,2,NULL,1361019084,0),
 (619,147,'Hai Sushi',24,NULL,NULL,1361019084,0),
 (620,147,'Quick Chaina http://www.quickchina.com.tr',24,NULL,NULL,1361019084,0),
 (621,148,'Arkadaş ekleme',3,NULL,NULL,1361020533,0),
 (622,148,'Fotoğraf ekleme',3,2,NULL,1361020533,0),
 (623,148,'Arkadaşınla sohbet etme',3,NULL,NULL,1361020533,0),
 (624,148,'Zaman tüneli',3,1,NULL,1361020533,0),
 (625,148,'Arkadaş dürtme',3,1,NULL,1361020533,0),
 (626,148,'Etkinlikler',3,NULL,NULL,1361020533,0);
/*!40000 ALTER TABLE `item` ENABLE KEYS */;


--
-- Definition of table `registerticket`
--

DROP TABLE IF EXISTS `registerticket`;
CREATE TABLE `registerticket` (
  `id` int(10) unsigned NOT NULL AUTO_INCREMENT,
  `code` varchar(20) NOT NULL,
  `qty` int(10) unsigned NOT NULL,
  `lastUsedOn` int(10) unsigned NOT NULL,
  PRIMARY KEY (`id`)
) ENGINE=InnoDB AUTO_INCREMENT=3 DEFAULT CHARSET=latin1;

--
-- Dumping data for table `registerticket`
--

/*!40000 ALTER TABLE `registerticket` DISABLE KEYS */;
INSERT INTO `registerticket` (`id`,`code`,`qty`,`lastUsedOn`) VALUES 
 (1,'qubist',82,1360856876),
 (2,'listelemeyiseviyorum',100,0);
/*!40000 ALTER TABLE `registerticket` ENABLE KEYS */;


--
-- Definition of table `topic`
--

DROP TABLE IF EXISTS `topic`;
CREATE TABLE `topic` (
  `id` int(10) unsigned NOT NULL AUTO_INCREMENT,
  `userID` int(10) unsigned NOT NULL,
  `title` varchar(60) NOT NULL,
  `createdOn` int(10) unsigned NOT NULL,
  `rate` int(10) unsigned NOT NULL,
  `url` varchar(60) NOT NULL,
  `inviteCode` varchar(16) NOT NULL,
  `viewCount` int(10) unsigned DEFAULT '0',
  `editorsPick` tinyint(1) unsigned DEFAULT '0',
  PRIMARY KEY (`id`),
  KEY `IndexTitle` (`title`),
  KEY `IndexURL` (`url`),
  KEY `IndexInviteCode` (`inviteCode`)
) ENGINE=InnoDB AUTO_INCREMENT=149 DEFAULT CHARSET=utf8 PACK_KEYS=1;

--
-- Dumping data for table `topic`
--

/*!40000 ALTER TABLE `topic` DISABLE KEYS */;
INSERT INTO `topic` (`id`,`userID`,`title`,`createdOn`,`rate`,`url`,`inviteCode`,`viewCount`,`editorsPick`) VALUES 
 (53,2,'Best movies of all time',1359301603,0,'best-movies-of-all-time','123456784',145,1),
 (54,2,'Top Interview Tips',1359301688,0,'top-interview-tips','123456785',12,0),
 (55,2,'Istanbul\'da görülmesi gereken yerler',1359301847,0,'istanbulda-görülmesi-gereken-yerler','123456786',129,1),
 (56,2,'Top 10 Fishing Tips for Beginners',1359302510,0,'top--fishing-tips-for-beginners','123456787',2,0),
 (59,8,'kredi almak için gerekenler',1359402770,0,'kredi-almak-icin-gerekenler','9lyU3sGHXnB7j9x2',2,0),
 (60,3,'Türkiye\'deki sosyal medya ajansları',1359402816,0,'turkiyedeki-sosyal-medya-ajanslari','iNtRSOLcDmUhMgRI',118,1),
 (61,8,'şiir yazmak için ne gerekir?',1359403174,0,'siir-yazmak-icin-ne-gerekir','x9hUDyU2RnsrFH9X',3,0),
 (62,9,'2013 en popüler bayan aksesuar',1359403550,0,'-en-populer-bayan-aksesuar','2T6BC3Awe8Mz7WFm',72,1),
 (63,9,'2012-2013 türkiye süper lig şampiyonu kim olur',1359403685,0,'-turkiye-super-lig-sampiyonu-kim-olur','38HWsKkdR9K9Jrbz',1,0),
 (64,3,'Pazar günü klasiği',1359403837,0,'pazar-gunu-klasigi','ZPHW4ERX3JBtbWV4',1,0),
 (65,8,'Evlilik hazırlıkları sırasında unutulmaması gerekenler',1359404103,0,'evlilik-hazirliklari-sirasinda-unutulmamasi-gereken-en-oneml','7pcMPfOdpe6FlthZ',4,0),
 (66,3,'Popüler sosyal platformlar',1359404580,0,'populer-sosyal-platformlar','zz4vACG5lcP3koKh',2,0),
 (67,8,'adrenali yüksek sporlar',1359404685,0,'adrenali-yuksek-sporlar','ot2LkdEyi8lEgRPo',3,0),
 (68,3,'5 çayının yanına ne hazırlanmalı?',1359404858,0,'-cayinin-yanina-ne-hazirlanmali','uP94jAfiKfMihUWU',0,0),
 (69,3,'Tatil denilince...',1359405045,0,'tatil-denilince','Sbst08yRCoWnd1QT',1,0),
 (70,3,'Bayanlara giden araba modelleri',1359405093,0,'bayanlara-giden-araba-modelleri','1cmOewtKk1gHKLWw',0,0),
 (71,8,'annelerin çiçekleri',1359405215,0,'annelerin-cicekleri','tmdxZTkCfYZ5JGpO',2,0),
 (72,9,'Who will get Oscar for Best Motion Picture 2013',1359405424,0,'who-will-get-oscar-for-best-motion-picture-','UEmcq9XsrMFgygP6',2,0),
 (73,9,'Best online list application',1359405589,0,'best-online-list-application','oGy48HJRikP4e2WV',0,0),
 (74,8,'90\'lar deyince',1359406786,0,'90lar-deyince','xZZ58nbiHIlKBsAE',87,1),
 (75,3,'Yaz mevsiminde yapılan etkinlikler',1359406791,0,'yaz-mevsiminde-yapilan-etkinlikler','JCYJEizKXDki6Itc',1,0),
 (76,8,'İstanbul\'un En iyi Tiyatroları',1359407046,0,'istanbulun-en-iyi-tiyatrolari','HztIiw8ahi8JXlAD',3,0),
 (77,9,'Best songs of The Beatles',1359407512,0,'best-songs-of-the-beatles','3aIPh2iZLXV4X1OS',2,0),
 (78,9,'Lose 10 kg of fat in 30 days',1359407903,0,'lose-10-kg-of-fat-in-30-days','bD3zjDGLbk0X9bak',128,1),
 (79,9,'Best Wordpress Hosting Providers',1359408653,0,'best-wordpress-hosting-providers','aBgSezBt5cpWYiET',0,0),
 (80,9,'Best Harry Potter Movie',1359408862,0,'best-harry-potter-movie','19JDbIO5rQZnb0mK',126,1),
 (81,9,'Best Star Wars Movie',1359409010,0,'best-star-wars-movie','QNGLSoKA2oKGNUSS',0,0),
 (82,9,'Which Google product do you think is the best',1359409285,0,'which-google-product-do-you-think-is-the-best','6wRysjVwNUM8BoEe',0,0),
 (85,8,'Tarihte en çok ses getiren liderler..',1359581212,0,'tarihte-en-cok-ses-getiren-liderler','vc7u23tAk80T7Ocv',49,1),
 (86,15,'Saç Ekimi',1359623028,0,'sac-ekimi','hexrkTQASR8cZj3T',9,0),
 (87,15,'Tarım Sorunları',1359624396,0,'tarim-sorunlari','8SoOGfD9Jgq6CopW',33,1),
 (88,3,'Dillerden düşmeyen sosyal medya klişeleri',1359629209,0,'dillerden-dusmeyen-sosyal-medya-kliseleri','fD0yzobtlqmSePdb',175,1),
 (89,16,'Tüm Zamanların En İyi Yönetmenleri',1359635117,0,'tum-zamanlarin-en-iyi-yonetmenleri','rtHOgKcm01r3fwPg',88,1),
 (90,16,'Modern Türk Edebiyatı En İyi 10',1359635419,0,'modern-turk-edebiyati-en-iyi-10','3CuRqIIJVOXLtGBL',34,0),
 (91,15,'30 günde kilo verin',1359639448,0,'30-gunde-kilo-verin','4mTtD1kNbJmhLZy7',12,NULL),
 (92,3,'Markalar neden Sosyal Medya’da olmalı?',1359719728,0,'markalar-neden-sosyal-medyada-olmali','FTrrX2XFlxWm5wG8',1,NULL),
 (93,3,'Sosyal Medya uzmanı ne iş yapar?',1359719848,0,'sosyal-medya-uzmani-ne-is-yapar','ghEnVQubZC7P1oN1',35,1),
 (94,20,'Klişe ayrılık cümleleri',1359723306,0,'klise-ayrilik-cumleleri','Rw4fXln4GK29hFbc',69,1),
 (95,9,'Top 15 Best Leonardo Dicaprio Movies',1359797193,0,'top-15-best-leonardo-dicaprio-movies','KKGT4Pp5NEqmztVA',97,1),
 (96,15,'Limonata yapımı',1359990342,0,'limonata-yapimi','NquMvC78pPMIYPyB',2,NULL),
 (97,2,'Klarnet alırken nelere dikkat etmeli?',1360516599,0,'klarnet-alirken-nelere-dikkat-etmeli','EjgOqwfjLfh4Goce',2,NULL),
 (98,2,'Klarnet nasıl tutulur?',1360516841,0,'klarnet-nasil-tutulur','mJZOBe8hsCR3Hijv',4,NULL),
 (99,3,'Metrobüs kuralları',1360517150,0,'metrobus-kurallari','nENMciviZ9a5nqR3',10,NULL),
 (112,8,'Serotonin, endorfin,dopamin gibi mutluluk hormonlarını arttı',1360527992,0,'serotonin-endorfindopamin-gibi-mutluluk-hormonlarini-arttira','Vm5XYnPcjfkUq3S2',15,NULL),
 (113,2,'Diş çürüklerinin sebepleri',1360529161,0,'dis-curuklerinin-sebepleri','9GgFwA2yUl4kOiCl',5,NULL),
 (114,2,'Ünlü klarnetçiler',1360529727,0,'unlu-klarnetciler','f4yzKGUBkEU2CMfT',20,NULL),
 (116,2,'Dünyaca Ünlü Türk Müzisyenleri',1360609184,0,'dunyaca-unlu-turk-muzisyenleri','M0QSoaYeE2eybSgA',45,NULL),
 (117,2,'En çok kullanılan programlama dilleri',1360609868,0,'en-cok-kullanilan-programlama-dilleri','S6XNkDL4BFrUWyxZ',17,NULL),
 (118,2,'En sevilen Windows sürümleri',1360612360,0,'en-sevilen-windows-surumleri','LfTGvkFiSIH5bR0L',17,NULL),
 (119,2,'Deneme',1360691457,0,'deneme','0bd2zExXaQ2o88mJ',6,NULL),
 (120,2,'En performanslı laptoplar',1360742053,0,'en-performansli-laptoplar','mluyTO8G7D0DQ3Nm',202,NULL),
 (121,8,'Türkiye\'nin en iyi Haute Couture modacıları',1360753183,0,'turkiyenin-en-iyi-haute-couture-modacilari','6ouAM3m3JxWKkkF9',406,NULL),
 (122,8,'Armut tipi kadınların moda hileleri',1360753916,0,'armut-tipi-kadinlarin-moda-hileleri','vYJEExkQzmA8cAB2',51,NULL),
 (123,15,'Anadolu yakasında en iyi pazar kahvaltısı',1360828845,0,'anadolu-yakasinda-en-iyi-pazar-kahvaltisi','TTXsGOnxUvsNJKon',57,NULL),
 (124,15,'En uygun giysi alışveriş yerleri - İstanbul',1360830739,0,'en-uygun-giysi-alisveris-yerleri--istanbul','KAujdBYTItuOuMQq',81,NULL),
 (125,9,'Best technology news websites',1360830957,0,'best-technology-news-websites','CrKDGy5FfI6EvXYO',210,NULL),
 (126,2,'En iyi klarnet sololar',1360857944,0,'en-iyi-klarnet-sololar','p3eZpT2Ikkk0soKo',53,NULL),
 (127,8,'Gelmiş geçmiş en iyi müzik temalı doodle\'lar',1360861333,0,'gelmis-gecmis-en-iyi-muzik-temali-doodlelar','FjyEAinVc7kD3ayg',84,NULL),
 (128,2,'Iphone6\'da ne görmek istiyoruz?',1360875452,0,'iphone6da-ne-gormek-istiyoruz','spqN6gqeq3PsObxS',63,NULL),
 (129,8,'Abiye Kıyafetler için kullanılan en iyi kumaş türleri',1360883349,0,'abiye-kiyafetler-icin-kullanilan-en-iyi-kumas-turleri','hwRg7ROTIXlWToVn',33,NULL),
 (130,8,'En iyi moda blogları',1360884388,0,'en-iyi-moda-bloglari','qCtbnLN4yEG0rFh0',303,NULL),
 (131,2,'Anadolu yakasının en güzel tiyatroları',1360884724,0,'anadolu-yakasinin-en-guzel-tiyatrolari','usXnfphsQXll2lc0',109,NULL),
 (132,15,'Türkiye`nin en iyi futbol takımı ',1360914663,0,'turkiyenin-en-iyi-futbol-takimi-','aZ6asfLP2xol47s1',223,NULL),
 (133,3,'Türkiye\'deki Popüler E-ticaret Siteleri',1360915260,0,'turkiyedeki-populer-eticaret-siteleri','ZxgmIX6Y8OHCIguM',71,NULL),
 (134,3,'Türkiye\'nin Haber ve Bilgi Kaynağı',1360916521,0,'turkiyenin-haber-ve-bilgi-kaynagi','bYxvtL9egaFBdFSQ',28,NULL),
 (135,8,'Türk Televizyonlarının tüm dönemlerde ki en iyi dizileri',1360929043,0,'turk-televizyonlarinin-tum-donemlerde-ki-en-iyi-dizileri','DobKKks7gmoWCAKx',51,NULL),
 (136,15,'iyi çay demleme teknikleri',1360934339,0,'iyi-cay-demleme-teknikleri','Gi9obm3zE3SDIlIu',9,NULL),
 (137,15,'Türkiye\'nin en iyi yemek programları',1360938492,0,'turkiyenin-en-iyi-yemek-programlari','Nm3vyTq6ckb3qEAS',37,NULL),
 (138,9,'Paulo Coelho\'s best books',1360939768,0,'paulo-coelhos-best-books','LF7XONyv0Eels2l7',64,NULL),
 (139,9,'Which 10 artists are most creative on Vine.co',1360945087,0,'which-10-artists-are-most-creative-on-vineco','sf9d8B0s2eo3Al32',69,NULL),
 (140,46,'Kadınların vazgeçilmez makyaj malzemeleri',1360961171,0,'kadinlarin-vazgecilmez-makyaj-malzemeleri','3YNsCEbEUPrUdJpT',17,NULL),
 (141,2,'Unity3D iOS Performance Tips',1360962382,0,'unity3d-ios-performance-tips','K9Abj3Yu8Zii7seI',76,NULL),
 (142,2,'En güzel online radyolar',1361006770,0,'en-guzel-online-radyolar','snlZg9GQANpA6aGE',146,NULL),
 (143,3,'Unutulmayacak Türk Sanat Müziği Sanatçıları',1361011382,0,'unutulmayacak-turk-sanat-muzigi-sanatcilari','rc7tegYL7vIZ9GDI',52,NULL),
 (144,3,'Türkiye\'nin başarılı fotoğraf sanatçıları',1361012426,0,'turkiyenin-basarili-fotograf-sanatcilari','dnc0s97BJOZasHYQ',19,NULL),
 (145,3,'Mersin\'in meşhur lezzetleri',1361012927,0,'mersinin-meshur-lezzetleri','WkIsSo0bxV8J08F2',7,NULL),
 (146,27,'IOS - Android geçişi',1361016947,0,'ios--android-gecisi','WEMadrxzh1qcxaHy',74,NULL),
 (147,24,'En iyi Sushi Restoranti',1361017933,0,'en-iyi-sushi-restoranti','SoqxRG6xK1RMUOww',9,NULL),
 (148,3,'#Facebook\'un sevilen özellikleri',1361020533,0,'facebookun-sevilen-ozellikleri','kzeTn1fiq5LrgzV0',11,NULL);
/*!40000 ALTER TABLE `topic` ENABLE KEYS */;


--
-- Definition of table `topiccategorylink`
--

DROP TABLE IF EXISTS `topiccategorylink`;
CREATE TABLE `topiccategorylink` (
  `id` int(10) unsigned NOT NULL AUTO_INCREMENT,
  `topicID` int(10) unsigned NOT NULL,
  `categoryID` int(10) unsigned NOT NULL,
  PRIMARY KEY (`id`)
) ENGINE=InnoDB AUTO_INCREMENT=105 DEFAULT CHARSET=latin1;

--
-- Dumping data for table `topiccategorylink`
--

/*!40000 ALTER TABLE `topiccategorylink` DISABLE KEYS */;
INSERT INTO `topiccategorylink` (`id`,`topicID`,`categoryID`) VALUES 
 (7,97,8),
 (8,98,8),
 (9,99,9),
 (10,99,10),
 (11,100,8),
 (12,101,8),
 (13,102,8),
 (14,103,8),
 (15,104,8),
 (16,105,8),
 (17,106,8),
 (18,107,8),
 (19,108,8),
 (20,109,8),
 (21,110,8),
 (22,111,8),
 (23,112,11),
 (24,113,11),
 (25,114,8),
 (26,114,13),
 (27,115,12),
 (28,116,8),
 (29,116,15),
 (30,117,16),
 (31,117,17),
 (32,117,18),
 (33,55,19),
 (34,55,20),
 (35,118,17),
 (36,118,21),
 (37,119,8),
 (38,120,17),
 (39,120,21),
 (40,121,12),
 (41,122,12),
 (42,123,22),
 (43,123,23),
 (44,124,24),
 (45,124,25),
 (46,125,26),
 (47,125,27),
 (48,125,28),
 (49,126,28),
 (50,126,8),
 (51,126,13),
 (52,127,8),
 (53,127,27),
 (54,128,29),
 (55,128,21),
 (56,129,12),
 (57,130,12),
 (58,130,30),
 (59,130,31),
 (60,131,19),
 (61,131,32),
 (62,131,33),
 (63,131,34),
 (64,132,35),
 (65,132,36),
 (66,132,37),
 (67,133,38),
 (68,134,14),
 (69,134,39),
 (70,135,40),
 (71,135,41),
 (72,136,42),
 (73,136,43),
 (74,137,22),
 (75,137,37),
 (76,138,44),
 (77,138,28),
 (78,139,28),
 (79,139,45),
 (80,139,46),
 (81,139,26),
 (82,140,47),
 (83,140,48),
 (84,140,49),
 (85,140,37),
 (86,141,50),
 (87,141,51),
 (88,141,29),
 (89,142,37),
 (90,142,8),
 (91,143,8),
 (92,144,52),
 (93,144,53),
 (94,144,34),
 (95,145,54),
 (96,145,55),
 (97,146,56),
 (98,146,26),
 (99,146,21),
 (100,146,29),
 (101,147,57),
 (102,147,22),
 (103,147,58),
 (104,148,59);
/*!40000 ALTER TABLE `topiccategorylink` ENABLE KEYS */;


--
-- Definition of table `user`
--

DROP TABLE IF EXISTS `user`;
CREATE TABLE `user` (
  `id` int(10) unsigned NOT NULL AUTO_INCREMENT,
  `email` varchar(255) CHARACTER SET latin1 NOT NULL,
  `password` varchar(18) CHARACTER SET latin1 NOT NULL,
  `lastLogin` int(10) unsigned NOT NULL,
  `fullname` varchar(100) NOT NULL,
  `bio` varchar(255) DEFAULT NULL,
  `url` varchar(255) DEFAULT NULL,
  `profession` tinyint(3) unsigned DEFAULT NULL,
  `mailSettings` varchar(45) DEFAULT NULL,
  `loginCount` int(10) unsigned DEFAULT '0',
  `validationCode` varchar(16) NOT NULL,
  `photo` varchar(45) DEFAULT NULL,
  `emailValidatedOn` int(10) unsigned DEFAULT NULL,
  PRIMARY KEY (`id`)
) ENGINE=InnoDB AUTO_INCREMENT=49 DEFAULT CHARSET=utf8;

--
-- Dumping data for table `user`
--

/*!40000 ALTER TABLE `user` DISABLE KEYS */;
INSERT INTO `user` (`id`,`email`,`password`,`lastLogin`,`fullname`,`bio`,`url`,`profession`,`mailSettings`,`loginCount`,`validationCode`,`photo`,`emailValidatedOn`) VALUES 
 (2,'mecevit@gmail.com','hotmailer',1359196267,'Mehmet Ecevit','Serial Entrepreneur','http://twitter.com/mecevit',NULL,'1,1',0,'BJcn56doskCx6p6v','2Xi6q9j',NULL),
 (3,'sedefecevit@gmail.com','pencerex',1359293153,'Sedef Ecevit','Social media specialist at Ping','twitter.com/sedefecevit',NULL,'1,1',0,'SYXM9BKK4mLIPC6M','3JJIsiZ',1360919873),
 (8,'haticeey@gmail.com','111903',1359402169,'Hatice Ecevit','Assistant Manager at Turkish Respiratory Society','www.twitter.com/htcemit',NULL,'1,1',0,'r57kzTAwlvD8z7ZS','8iWhttX',NULL),
 (9,'arman.eker@gmail.com','3412249',1359403140,'Arman Eker','Co-founder of Timety','http://armaneker.com',NULL,'1,1',0,'huIBpZJQI8iEGGs3','9IcssLv',NULL),
 (15,'korayekal@gmail.com','cemdecem',1359622514,'Koray Ekal','Communication Specialist','',NULL,NULL,0,'ZNyPQfHK7hbztY0Z','15fnN4p8',NULL),
 (16,'social@nhtdmr.com','number23',1359633759,'Nahit Demir',NULL,NULL,NULL,NULL,0,'','',NULL),
 (17,'gulkadioglu@gmail.com','010203',1359719211,'Gül Kadıoğlu',NULL,NULL,NULL,NULL,0,'','',NULL),
 (18,'basarkilic@gmail.com','123qweasdzxc',1359719285,'Basar Kilic',NULL,NULL,NULL,NULL,0,'','',NULL),
 (19,'mltmalp@gmail.com','datdatdat',1359719340,'Meltem Alp',NULL,NULL,NULL,NULL,0,'','',NULL),
 (20,'selen.ozkan@windowslive.com','s1e2l3e4n5',1359720533,'Selen Özkan',NULL,NULL,NULL,NULL,0,'','',NULL),
 (21,'yteknokta@gmail.com','fff777',1359747548,'Yakup Yetim',NULL,NULL,NULL,NULL,0,'','',NULL),
 (22,'keklikhasan@gmail.com','e0pvdcn1',1359809826,'Hasan Keklik',NULL,NULL,NULL,NULL,0,'','22KlseJM',NULL),
 (24,'koraybahar@gmail.com','552855',1360856876,'Koray Bahar','','Www.koraybahar.com',NULL,NULL,0,'BxUtvN2BsHtXXby9','24QQlVXy',NULL),
 (26,'tuce.gcr@gmail.com','123654',1360883451,'tugce',NULL,NULL,NULL,NULL,NULL,'BkANPhKu9DSsYz2i',NULL,NULL),
 (27,'ayhanboy@gmail.com','123456',1360908976,'Ayhan Boyacıoğlu',NULL,NULL,NULL,NULL,NULL,'4zUO4QfisWM9CXr6',NULL,NULL),
 (28,'sevgibaytam@gmail.com','141338',1360914197,'Sevgi Baytam',NULL,NULL,NULL,NULL,NULL,'Cm8hZ8atw1rnTLIK',NULL,NULL),
 (29,'busradeniz89@gmail.com','6314169buss',1360915028,'Buşra Deniz','','http://twitter.com/busradeniz',NULL,NULL,NULL,'UeeV73eBeDLvWIYS',NULL,NULL),
 (30,'dinc.meltem@gmail.com','meltem280300',1360915756,'meltem',NULL,NULL,NULL,NULL,NULL,'GZD8o0GZrfGNc65E',NULL,NULL),
 (31,'volkan.dinc@gmail.com','No969783',1360917085,'Volkan Dinç',NULL,NULL,NULL,NULL,NULL,'9T3DXxqk3dqppeXR',NULL,NULL),
 (32,'ginobilo@gmail.com','saathep3mu',1360917960,'Bilal Gül',NULL,NULL,NULL,NULL,NULL,'mE09XTkSN2RHj8KO',NULL,NULL),
 (34,'billursaatci@gmail.com','deyz17deyz',1360920910,'Billur',NULL,NULL,NULL,NULL,NULL,'knJh3nFUQYh0bYib',NULL,1360920956),
 (35,'mec.evit@gmail.com','hotmailer',1360931639,'Yakup Yetim',NULL,NULL,NULL,NULL,NULL,'a4Soj2Cq3QNlX0Ky',NULL,NULL),
 (36,'arman@timety.com','3412249',1360931752,'Arman',NULL,NULL,NULL,NULL,NULL,'QLJUpdf0sqQQvMIO',NULL,NULL),
 (37,'acebisli0007@gmail.com','a6455710',1360932342,'acebisli0007@gmail.com',NULL,NULL,NULL,NULL,NULL,'p0IVL7gabUgH3vD3',NULL,NULL),
 (38,'kutsalkoruk@gmail.com','kutsal0237',1360932396,'Kutsal Koruk',NULL,NULL,NULL,NULL,NULL,'TZmwOgl8rIzuV9WK',NULL,NULL),
 (44,'yasamstil@gmail.com','ys10stil03',1360943234,'Sihem Tachouli',NULL,NULL,NULL,NULL,NULL,'W0q1WGrUbwBCFEdF',NULL,1360943536),
 (46,'yildirim464@hotmail.com','111903',1360959209,'hatice yıldırım',NULL,NULL,NULL,NULL,NULL,'aVGIJcRvvXJNaohY',NULL,NULL),
 (48,'m_ecevit@hotmail.com','hotmailer',1361010187,'Qaalo Tester',NULL,NULL,NULL,NULL,NULL,'iMJfOFUMuFL2wGsv',NULL,NULL);
/*!40000 ALTER TABLE `user` ENABLE KEYS */;


--
-- Definition of table `usercategorylink`
--

DROP TABLE IF EXISTS `usercategorylink`;
CREATE TABLE `usercategorylink` (
  `id` int(10) unsigned NOT NULL AUTO_INCREMENT,
  `userID` int(10) unsigned NOT NULL,
  `categoryID` int(10) unsigned NOT NULL,
  PRIMARY KEY (`id`)
) ENGINE=InnoDB AUTO_INCREMENT=294 DEFAULT CHARSET=latin1;

--
-- Dumping data for table `usercategorylink`
--

/*!40000 ALTER TABLE `usercategorylink` DISABLE KEYS */;
INSERT INTO `usercategorylink` (`id`,`userID`,`categoryID`) VALUES 
 (47,3,9),
 (48,8,11),
 (49,3,10),
 (50,3,12),
 (52,3,8),
 (54,3,14),
 (56,8,12),
 (65,22,16),
 (66,22,17),
 (110,8,8),
 (111,8,21),
 (112,8,17),
 (121,8,19),
 (122,8,20),
 (127,9,21),
 (133,9,17),
 (134,15,22),
 (135,15,23),
 (138,15,24),
 (139,15,25),
 (140,9,26),
 (141,9,27),
 (142,9,28),
 (149,8,25),
 (150,8,24),
 (151,8,23),
 (152,8,22),
 (153,8,26),
 (154,8,28),
 (155,8,27),
 (156,3,17),
 (157,3,22),
 (158,3,21),
 (159,3,23),
 (160,3,24),
 (161,3,25),
 (162,3,27),
 (163,3,26),
 (164,3,28),
 (169,2,8),
 (170,2,22),
 (171,2,26),
 (173,2,27),
 (174,2,29),
 (175,2,28),
 (176,2,12),
 (177,2,17),
 (178,2,21),
 (179,2,13),
 (180,8,30),
 (181,8,31),
 (182,2,32),
 (183,2,33),
 (184,2,34),
 (185,8,33),
 (186,8,34),
 (187,8,13),
 (188,2,19),
 (189,27,8),
 (190,24,21),
 (191,27,17),
 (192,24,22),
 (193,27,21),
 (194,24,8),
 (195,24,17),
 (196,27,22),
 (197,24,28),
 (198,28,12),
 (199,28,33),
 (200,28,28),
 (201,15,35),
 (202,15,36),
 (203,15,37),
 (204,3,33),
 (205,3,34),
 (207,3,38),
 (209,2,37),
 (211,3,39),
 (212,3,37),
 (213,2,14),
 (214,2,39),
 (215,8,38),
 (216,8,39),
 (220,34,21),
 (221,8,40),
 (222,8,41),
 (224,15,42),
 (225,15,43),
 (226,9,44),
 (227,9,45),
 (228,9,46),
 (236,45,8),
 (237,45,22),
 (238,2,40),
 (239,46,26),
 (240,46,28),
 (241,46,45),
 (242,46,46),
 (243,46,12),
 (244,46,30),
 (245,46,31),
 (246,46,24),
 (247,46,25),
 (248,46,22),
 (249,46,47),
 (250,46,48),
 (251,46,49),
 (252,8,47),
 (253,8,48),
 (254,8,49),
 (255,8,37),
 (256,8,45),
 (257,8,46),
 (258,2,50),
 (259,2,51),
 (260,24,14),
 (261,24,19),
 (262,24,32),
 (263,24,38),
 (264,3,42),
 (265,9,42),
 (266,48,8),
 (267,3,48),
 (268,3,47),
 (269,3,49),
 (270,3,52),
 (271,3,53),
 (272,3,54),
 (273,3,55),
 (274,27,26),
 (276,27,29),
 (278,27,56),
 (279,24,51),
 (280,24,37),
 (281,24,52),
 (282,24,26),
 (283,24,56),
 (284,29,29),
 (285,29,26),
 (286,29,21),
 (287,29,52),
 (288,29,8),
 (289,29,51),
 (290,24,57),
 (291,24,58),
 (292,3,59),
 (293,2,59);
/*!40000 ALTER TABLE `usercategorylink` ENABLE KEYS */;


--
-- Definition of table `vote`
--

DROP TABLE IF EXISTS `vote`;
CREATE TABLE `vote` (
  `id` int(10) unsigned NOT NULL AUTO_INCREMENT,
  `itemID` int(10) unsigned NOT NULL,
  `userID` int(10) unsigned NOT NULL,
  `rate` tinyint(3) NOT NULL,
  `createdOn` int(10) unsigned NOT NULL,
  PRIMARY KEY (`id`),
  KEY `IndexItem` (`itemID`),
  KEY `IndexItemUser` (`userID`,`itemID`) USING BTREE
) ENGINE=InnoDB AUTO_INCREMENT=709 DEFAULT CHARSET=latin1;

--
-- Dumping data for table `vote`
--

/*!40000 ALTER TABLE `vote` DISABLE KEYS */;
INSERT INTO `vote` (`id`,`itemID`,`userID`,`rate`,`createdOn`) VALUES 
 (78,50,2,1,1359301709),
 (79,39,2,1,1359301717),
 (84,53,2,-1,1359384172),
 (86,40,2,1,1359396741),
 (87,41,2,1,1359396742),
 (88,61,2,1,1359396749),
 (89,62,2,1,1359396749),
 (90,56,2,1,1359396752),
 (91,58,2,1,1359396754),
 (92,45,2,1,1359399242),
 (93,47,2,1,1359399243),
 (94,49,2,1,1359399244),
 (109,55,8,-1,1359402254),
 (110,51,8,-1,1359402255),
 (119,54,8,1,1359402553),
 (125,55,3,1,1359402615),
 (128,51,3,1,1359402624),
 (129,77,8,1,1359402815),
 (130,79,8,1,1359402817),
 (131,80,8,1,1359402820),
 (132,90,2,1,1359402830),
 (133,90,8,1,1359402872),
 (134,73,9,1,1359403153),
 (135,51,9,1,1359403155),
 (137,55,9,1,1359403175),
 (138,43,9,1,1359403327),
 (139,39,9,1,1359403328),
 (140,98,2,1,1359403351),
 (144,100,8,1,1359403504),
 (145,101,8,1,1359403505),
 (146,97,8,1,1359403523),
 (150,103,9,1,1359403554),
 (151,102,9,1,1359403554),
 (152,110,9,1,1359403563),
 (153,111,9,1,1359403573),
 (154,112,9,1,1359403693),
 (155,116,9,1,1359403694),
 (156,117,9,1,1359403744),
 (157,117,2,1,1359403748),
 (158,117,8,1,1359403773),
 (159,99,2,1,1359403829),
 (160,104,8,1,1359403848),
 (161,121,3,1,1359403857),
 (162,125,8,-1,1359403872),
 (163,112,8,1,1359403891),
 (164,121,2,1,1359403908),
 (165,125,2,1,1359404050),
 (167,127,8,-1,1359404214),
 (169,127,3,1,1359404262),
 (172,74,8,-1,1359404330),
 (174,91,8,1,1359404352),
 (175,75,8,1,1359404386),
 (176,91,2,1,1359404424),
 (178,73,2,-1,1359404440),
 (179,112,2,1,1359404487),
 (180,144,2,1,1359404499),
 (181,126,2,-1,1359404503),
 (182,146,8,1,1359404589),
 (183,147,8,1,1359404590),
 (184,149,8,1,1359404591),
 (185,150,8,1,1359404597),
 (187,152,8,1,1359404601),
 (188,147,2,1,1359404707),
 (189,152,2,1,1359404709),
 (190,164,8,1,1359404875),
 (193,126,8,1,1359404912),
 (194,145,8,1,1359404941),
 (195,95,8,1,1359405009),
 (196,92,8,1,1359405014),
 (198,162,2,1,1359405036),
 (199,164,2,-1,1359405037),
 (200,170,2,1,1359405081),
 (201,171,2,-1,1359405087),
 (202,120,3,1,1359405109),
 (203,170,3,1,1359405131),
 (204,175,8,1,1359405224),
 (205,177,8,1,1359405225),
 (206,185,8,1,1359405227),
 (208,179,8,1,1359405239),
 (209,181,8,1,1359405240),
 (211,147,9,1,1359405261),
 (212,167,8,1,1359405263),
 (213,149,9,1,1359405265),
 (214,174,2,1,1359405267),
 (215,161,8,1,1359405284),
 (216,177,3,1,1359405318),
 (217,190,9,1,1359405429),
 (218,189,2,1,1359405442),
 (219,195,9,1,1359405591),
 (222,199,9,1,1359405683),
 (223,198,2,1,1359405747),
 (224,203,9,1,1359406068),
 (226,206,8,1,1359406251),
 (227,202,8,1,1359406255),
 (229,42,8,1,1359406267),
 (230,203,8,1,1359406275),
 (231,39,8,0,1359406304),
 (234,161,9,1,1359406452),
 (235,214,2,1,1359406821),
 (237,216,2,1,1359406833),
 (240,204,8,1,1359406883),
 (241,215,3,1,1359406934),
 (242,221,3,1,1359407127),
 (243,221,8,1,1359407186),
 (244,220,8,1,1359407187),
 (245,42,2,1,1359407465),
 (246,226,9,1,1359407514),
 (247,227,9,1,1359407515),
 (248,228,9,1,1359407516),
 (249,229,9,1,1359407517),
 (250,230,9,1,1359407518),
 (251,235,9,1,1359408657),
 (252,240,9,1,1359408660),
 (253,239,9,1,1359408661),
 (254,244,9,1,1359408874),
 (255,247,9,1,1359408877),
 (256,248,9,1,1359408878),
 (257,249,9,1,1359409013),
 (258,250,9,1,1359409015),
 (259,251,9,1,1359409015),
 (260,252,9,1,1359409016),
 (261,253,9,1,1359409017),
 (262,254,9,1,1359409018),
 (271,255,9,1,1359409329),
 (272,257,2,1,1359445076),
 (273,249,2,1,1359445523),
 (274,243,2,1,1359449381),
 (275,246,2,-1,1359449390),
 (276,175,2,1,1359491575),
 (277,167,9,1,1359533709),
 (278,231,9,1,1359533795),
 (279,232,9,1,1359533795),
 (280,233,9,1,1359533796),
 (281,234,9,1,1359533797),
 (282,257,9,1,1359533860),
 (283,189,9,-1,1359540241),
 (284,244,2,1,1359574526),
 (285,108,2,1,1359578234),
 (286,107,2,1,1359578242),
 (287,109,2,1,1359578250),
 (288,120,2,-1,1359578255),
 (289,211,8,1,1359579923),
 (291,214,8,1,1359579929),
 (292,215,8,1,1359579931),
 (294,73,8,1,1359580046),
 (296,208,8,1,1359580075),
 (297,209,8,1,1359580077),
 (298,268,8,1,1359581225),
 (302,268,2,1,1359581286),
 (303,130,8,1,1359581534),
 (304,276,2,1,1359622034),
 (305,206,2,-1,1359622044),
 (306,203,2,-1,1359623229),
 (307,207,2,-1,1359623240),
 (309,40,15,1,1359623333),
 (310,268,3,1,1359628872),
 (311,282,2,1,1359628882),
 (312,297,2,1,1359629304),
 (313,296,2,-1,1359629311),
 (314,298,2,1,1359629642),
 (315,274,8,1,1359633336),
 (316,270,8,1,1359633381),
 (317,273,8,1,1359633383),
 (320,285,8,1,1359633464),
 (321,288,8,1,1359633466),
 (322,290,8,1,1359633470),
 (323,294,8,1,1359633472),
 (325,293,2,1,1359633509),
 (329,311,2,1,1359636116),
 (330,41,16,1,1359636161),
 (331,39,16,1,1359636237),
 (332,40,16,1,1359636239),
 (333,42,16,1,1359636240),
 (335,43,16,1,1359636242),
 (336,199,16,1,1359636244),
 (337,305,16,1,1359636286),
 (338,306,16,1,1359636298),
 (339,307,16,1,1359636301),
 (340,304,16,1,1359636302),
 (341,303,16,1,1359636303),
 (342,212,16,1,1359636305),
 (343,308,9,1,1359636513),
 (344,310,9,1,1359636544),
 (345,313,9,1,1359636546),
 (346,317,9,1,1359636549),
 (347,321,9,1,1359636555),
 (348,323,9,1,1359636557),
 (349,325,9,1,1359636559),
 (350,297,9,1,1359636567),
 (352,270,9,1,1359636600),
 (353,314,2,1,1359636895),
 (354,97,15,1,1359638785),
 (355,315,16,1,1359640078),
 (356,324,16,1,1359640083),
 (357,308,16,1,1359640086),
 (358,311,16,1,1359640088),
 (359,338,2,1,1359640093),
 (360,321,16,1,1359640093),
 (361,309,16,1,1359640094),
 (362,316,16,1,1359640098),
 (363,339,2,1,1359640107),
 (364,340,2,1,1359640108),
 (365,74,2,1,1359670303),
 (366,315,8,1,1359707563),
 (367,321,8,1,1359707569),
 (368,310,8,1,1359707571),
 (369,317,8,1,1359707574),
 (370,306,8,1,1359707672),
 (371,305,8,1,1359707675),
 (372,304,8,1,1359707676),
 (373,303,8,1,1359707696),
 (374,284,8,1,1359707781),
 (375,207,8,1,1359707789),
 (376,297,3,1,1359717470),
 (377,297,17,1,1359719225),
 (378,304,18,1,1359719324),
 (379,305,18,1,1359719327),
 (380,306,18,1,1359719328),
 (381,342,3,1,1359719565),
 (382,351,3,1,1359719893),
 (383,347,17,1,1359720058),
 (385,302,17,1,1359720076),
 (386,350,2,1,1359720146),
 (387,354,2,1,1359724666),
 (388,354,3,1,1359725146),
 (389,358,2,1,1359726312),
 (390,359,2,1,1359726313),
 (391,354,9,1,1359737252),
 (392,358,9,1,1359737253),
 (393,353,9,1,1359737261),
 (394,361,9,1,1359797199),
 (395,362,9,1,1359797200),
 (396,364,9,1,1359797202),
 (397,365,9,1,1359797202),
 (398,366,9,1,1359797203),
 (399,371,2,1,1359802088),
 (402,361,16,1,1359964807),
 (403,364,16,1,1359964808),
 (404,268,9,1,1360083734),
 (405,354,8,1,1360137024),
 (406,267,8,1,1360137084),
 (407,361,8,1,1360137095),
 (408,362,8,1,1360137098),
 (409,363,8,1,1360137103),
 (410,366,8,1,1360137117),
 (411,347,8,1,1360242329),
 (412,348,8,1,1360242330),
 (413,349,8,1,1360242334),
 (414,40,22,1,1360404225),
 (415,43,22,1,1360404231),
 (416,390,3,1,1360517234),
 (417,406,8,1,1360528045),
 (418,416,8,1,1360529051),
 (419,418,8,1,1360529182),
 (420,419,8,1,1360529183),
 (421,425,3,1,1360529791),
 (422,433,8,1,1360529980),
 (423,428,8,1,1360529982),
 (424,429,8,1,1360529983),
 (425,432,2,1,1360529992),
 (426,429,2,1,1360529995),
 (427,428,3,1,1360529995),
 (428,434,8,1,1360530069),
 (429,443,2,1,1360610496),
 (430,444,22,1,1360655294),
 (431,446,22,-1,1360655296),
 (432,447,22,1,1360655297),
 (433,449,2,1,1360745668),
 (434,452,2,1,1360745671),
 (437,449,8,1,1360755312),
 (438,449,9,1,1360782301),
 (439,175,15,1,1360828301),
 (440,466,9,1,1360828729),
 (441,131,15,1,1360829537),
 (442,470,2,1,1360829629),
 (443,474,9,1,1360830983),
 (444,477,9,1,1360830984),
 (445,467,15,1,1360831692),
 (446,474,15,1,1360832191),
 (447,479,2,1,1360838278),
 (448,466,2,1,1360838283),
 (449,482,2,1,1360858068),
 (450,453,8,1,1360859376),
 (451,475,8,1,1360859968),
 (452,453,3,1,1360861184),
 (453,484,8,1,1360861339),
 (454,485,8,1,1360861340),
 (456,486,2,1,1360861358),
 (457,456,8,1,1360861570),
 (458,465,8,1,1360861634),
 (459,486,8,1,1360861650),
 (461,482,8,1,1360862635),
 (462,466,8,1,1360864487),
 (463,489,2,-1,1360875935),
 (464,488,2,-1,1360875936),
 (465,492,2,1,1360875972),
 (466,483,2,1,1360875976),
 (467,494,2,1,1360878330),
 (468,453,25,1,1360882072),
 (469,453,2,1,1360882462),
 (470,456,2,1,1360882463),
 (471,495,8,1,1360883351),
 (472,499,8,1,1360883356),
 (474,457,26,1,1360883476),
 (475,500,8,1,1360884394),
 (476,501,8,1,1360884395),
 (477,502,8,1,1360884396),
 (478,504,8,1,1360884478),
 (479,500,2,1,1360884497),
 (480,504,2,1,1360884499),
 (481,507,2,1,1360885361),
 (482,505,2,1,1360885362),
 (483,505,8,1,1360885507),
 (484,507,8,1,1360885509),
 (485,506,8,1,1360885510),
 (486,506,2,1,1360885660),
 (487,508,2,1,1360885873),
 (488,509,2,1,1360885873),
 (489,510,2,1,1360885874),
 (490,457,8,1,1360886322),
 (491,458,8,1,1360886323),
 (492,454,8,1,1360886324),
 (493,459,8,1,1360886324),
 (494,455,8,1,1360886326),
 (496,466,24,1,1360909067),
 (499,450,27,1,1360909080),
 (502,452,24,1,1360910731),
 (503,450,24,1,1360910733),
 (504,491,24,1,1360910744),
 (505,474,24,1,1360910878),
 (506,475,24,1,1360910885),
 (507,491,9,1,1360912655),
 (508,490,9,-1,1360912660),
 (510,458,29,-1,1360915106),
 (511,515,9,1,1360915456),
 (512,516,9,1,1360915457),
 (513,512,2,1,1360915514),
 (515,512,30,1,1360915786),
 (516,519,9,1,1360915858),
 (517,515,30,1,1360915946),
 (518,516,30,1,1360915948),
 (519,519,30,1,1360915951),
 (520,517,30,1,1360915953),
 (521,518,30,1,1360915955),
 (522,520,30,1,1360915956),
 (523,521,30,1,1360915958),
 (524,522,30,1,1360915959),
 (525,475,3,1,1360916137),
 (526,520,15,1,1360916348),
 (527,491,3,1,1360916621),
 (528,524,2,1,1360916666),
 (529,525,2,1,1360916668),
 (530,526,2,1,1360916669),
 (531,527,2,1,1360916670),
 (532,528,2,1,1360916671),
 (536,453,31,1,1360917162),
 (537,512,31,1,1360917240),
 (539,449,31,1,1360918054),
 (540,524,8,1,1360919229),
 (541,525,8,1,1360919230),
 (542,527,8,1,1360919236),
 (543,512,9,1,1360921212),
 (544,500,34,1,1360921231),
 (545,535,8,1,1360929056),
 (546,534,8,1,1360929057),
 (548,531,8,1,1360929061),
 (549,535,2,1,1360929254),
 (550,530,2,1,1360929256),
 (551,533,2,-1,1360929258),
 (552,511,9,-1,1360929439),
 (553,513,9,-1,1360929439),
 (554,514,9,-1,1360929440),
 (558,511,15,1,1360929462),
 (559,512,22,-1,1360929474),
 (560,511,22,1,1360929475),
 (561,513,22,1,1360929476),
 (562,514,22,1,1360929477),
 (563,533,8,1,1360929538),
 (564,535,9,1,1360929645),
 (565,474,38,1,1360932448),
 (566,512,8,1,1360935231),
 (567,539,15,1,1360936644),
 (568,543,15,1,1360938559),
 (570,549,8,1,1360939883),
 (571,546,8,1,1360939977),
 (572,546,9,1,1360940151),
 (573,529,8,1,1360941441),
 (574,553,44,1,1360943246),
 (575,502,44,1,1360943250),
 (576,503,44,1,1360943251),
 (577,504,44,1,1360943253),
 (578,501,44,1,1360943254),
 (579,500,44,1,1360943255),
 (580,553,2,1,1360943565),
 (581,554,9,1,1360945285),
 (582,560,9,1,1360945287),
 (583,486,9,1,1360948998),
 (584,485,9,1,1360949001),
 (585,560,2,1,1360949655),
 (586,557,2,1,1360949658),
 (587,558,2,1,1360949662),
 (588,467,24,1,1360955547),
 (589,470,24,1,1360955549),
 (590,468,24,-1,1360955550),
 (591,469,24,-1,1360955552),
 (592,493,24,-1,1360955554),
 (593,553,8,1,1360958336),
 (594,557,8,1,1360958849),
 (595,558,8,1,1360958914),
 (596,546,46,1,1360959672),
 (597,549,46,1,1360959673),
 (598,495,46,1,1360959683),
 (599,499,46,1,1360959684),
 (600,496,46,1,1360959686),
 (601,498,46,1,1360959689),
 (602,465,46,1,1360959698),
 (603,464,46,1,1360959702),
 (604,463,46,1,1360959704),
 (605,474,46,1,1360959717),
 (606,475,46,1,1360959718),
 (607,477,46,1,1360959718),
 (608,130,46,1,1360959944),
 (609,131,46,1,1360959945),
 (610,144,46,1,1360959946),
 (611,145,46,1,1360959948),
 (612,126,46,1,1360959949),
 (613,127,46,1,1360959950),
 (614,564,46,1,1360961176),
 (615,565,46,1,1360961179),
 (617,521,8,1,1360961283),
 (618,520,8,1,1360961291),
 (619,516,8,1,1360961306),
 (620,517,8,1,1360961344),
 (621,515,8,1,1360961360),
 (622,190,8,1,1360962726),
 (623,186,8,1,1360962730),
 (624,189,8,1,1360962733),
 (625,192,8,1,1360962736),
 (629,116,8,-1,1360962770),
 (630,157,8,1,1360962808),
 (631,222,8,1,1360962859),
 (632,326,8,1,1360962948),
 (633,328,8,1,1360962968),
 (634,334,8,1,1360962974),
 (635,523,24,-1,1360968063),
 (636,528,24,1,1360968064),
 (637,526,24,-1,1360968067),
 (638,527,24,-1,1360968068),
 (639,525,24,1,1360968070),
 (640,524,24,1,1360968071),
 (641,557,9,1,1361005654),
 (642,558,9,1,1361005656),
 (643,588,2,1,1361006892),
 (644,591,2,1,1361006985),
 (645,591,3,1,1361008123),
 (646,592,2,1,1361009999),
 (647,564,3,1,1361010843),
 (648,569,3,1,1361010849),
 (649,544,3,1,1361010902),
 (650,592,8,1,1361011224),
 (651,542,8,1,1361011243),
 (652,570,8,1,1361011280),
 (653,593,9,1,1361011374),
 (654,594,3,1,1361011496),
 (655,594,8,1,1361011530),
 (656,595,8,1,1361011531),
 (657,596,8,1,1361011884),
 (658,592,9,1,1361012311),
 (659,600,2,1,1361012752),
 (660,595,2,1,1361012755),
 (661,603,3,1,1361013485),
 (662,593,24,1,1361016418),
 (663,599,24,-1,1361016423),
 (664,590,24,-1,1361016426),
 (665,589,24,-1,1361016427),
 (666,588,24,-1,1361016430),
 (667,591,24,-1,1361016431),
 (668,592,24,-1,1361016432),
 (669,613,27,1,1361016963),
 (670,614,27,1,1361016964),
 (671,543,27,1,1361017002),
 (673,490,27,1,1361017046),
 (674,538,27,1,1361017057),
 (675,491,27,1,1361017061),
 (676,474,27,1,1361017093),
 (677,550,27,1,1361017095),
 (678,613,24,1,1361017658),
 (679,614,24,1,1361017659),
 (680,616,24,-1,1361017669),
 (681,505,24,1,1361017709),
 (682,506,24,1,1361017710),
 (683,508,24,-1,1361017714),
 (684,509,24,-1,1361017716),
 (685,510,24,1,1361017718),
 (686,507,24,-1,1361017722),
 (687,613,29,1,1361017998),
 (688,614,29,1,1361018008),
 (689,618,24,1,1361019101),
 (690,617,24,1,1361019102),
 (691,618,2,1,1361019594),
 (692,606,3,1,1361019746),
 (693,608,3,1,1361019748),
 (694,593,2,1,1361019761),
 (695,616,9,1,1361019781),
 (696,613,9,-1,1361019784),
 (697,614,9,-1,1361019785),
 (698,593,22,1,1361019797),
 (699,599,22,1,1361019800),
 (700,590,22,1,1361019801),
 (701,589,22,1,1361019802),
 (702,588,22,1,1361019804),
 (703,591,22,1,1361019804),
 (704,592,22,1,1361019805),
 (705,622,3,1,1361020580),
 (706,622,9,1,1361020620),
 (707,625,9,1,1361020632),
 (708,624,2,1,1361020726);
/*!40000 ALTER TABLE `vote` ENABLE KEYS */;


--
-- Definition of table `writer`
--

DROP TABLE IF EXISTS `writer`;
CREATE TABLE `writer` (
  `id` int(10) unsigned NOT NULL AUTO_INCREMENT,
  `userID` int(10) unsigned NOT NULL,
  `topicID` int(10) unsigned NOT NULL,
  `createdOn` int(10) unsigned NOT NULL,
  PRIMARY KEY (`id`),
  KEY `IndexTopicUser` (`topicID`,`userID`)
) ENGINE=InnoDB AUTO_INCREMENT=99 DEFAULT CHARSET=latin1;

--
-- Dumping data for table `writer`
--

/*!40000 ALTER TABLE `writer` DISABLE KEYS */;
INSERT INTO `writer` (`id`,`userID`,`topicID`,`createdOn`) VALUES 
 (1,6,53,1359401999),
 (2,8,55,1359402169),
 (3,3,55,1359402600),
 (4,2,59,1359402814),
 (5,9,55,1359403147),
 (6,2,61,1359403288),
 (7,8,62,1359403770),
 (8,9,53,1359405598),
 (9,8,53,1359405931),
 (10,2,85,1359581283),
 (11,2,60,1359623115),
 (12,15,53,1359623164),
 (13,2,80,1359623267),
 (14,2,88,1359629742),
 (15,16,74,1359633805),
 (16,2,91,1359640078),
 (17,18,88,1359719389),
 (18,3,94,1359725770),
 (19,20,88,1359726062),
 (20,20,60,1359726101),
 (21,2,98,1360516842),
 (22,3,99,1360517150),
 (23,2,100,1360524533),
 (24,2,101,1360524717),
 (25,2,102,1360524804),
 (26,2,103,1360524882),
 (27,2,104,1360525568),
 (28,2,105,1360525709),
 (29,2,106,1360526417),
 (30,2,107,1360526495),
 (31,2,108,1360526646),
 (32,2,109,1360527449),
 (33,2,110,1360527779),
 (34,2,111,1360527862),
 (35,8,112,1360527992),
 (36,2,112,1360528418),
 (37,2,113,1360529161),
 (38,2,99,1360529266),
 (39,2,114,1360529727),
 (40,8,115,1360529968),
 (41,2,116,1360609184),
 (42,2,117,1360609868),
 (43,2,118,1360612360),
 (44,2,119,1360691457),
 (45,2,120,1360742053),
 (46,8,121,1360753183),
 (47,8,122,1360753916),
 (48,9,120,1360828621),
 (49,22,120,1360828656),
 (50,15,123,1360828845),
 (51,2,123,1360829492),
 (52,15,124,1360830739),
 (53,9,125,1360830957),
 (54,2,125,1360831300),
 (55,2,124,1360831787),
 (56,15,125,1360832186),
 (57,15,120,1360837363),
 (58,2,126,1360857944),
 (59,8,127,1360861333),
 (60,2,127,1360861365),
 (61,8,126,1360862628),
 (62,2,128,1360875452),
 (63,8,129,1360883349),
 (64,8,130,1360884388),
 (65,2,131,1360884725),
 (66,15,132,1360914663),
 (67,3,130,1360914733),
 (68,3,133,1360915260),
 (69,2,133,1360916113),
 (70,3,125,1360916125),
 (71,3,134,1360916521),
 (72,9,130,1360921326),
 (73,2,130,1360921597),
 (74,8,135,1360929043),
 (75,2,135,1360929270),
 (76,35,128,1360931641),
 (77,36,128,1360931753),
 (78,15,136,1360934339),
 (79,2,136,1360935673),
 (80,15,137,1360938492),
 (81,9,138,1360939768),
 (82,44,130,1360943236),
 (83,9,139,1360945087),
 (84,46,140,1360961171),
 (85,2,141,1360962383),
 (86,2,142,1361006770),
 (87,3,142,1361006969),
 (88,9,142,1361007816),
 (89,3,143,1361011382),
 (90,8,142,1361011435),
 (91,8,143,1361011490),
 (92,2,143,1361011556),
 (93,3,144,1361012426),
 (94,3,145,1361012927),
 (95,27,146,1361016947),
 (96,24,147,1361017933),
 (97,3,148,1361020533),
 (98,9,148,1361020615);
/*!40000 ALTER TABLE `writer` ENABLE KEYS */;




/*!40101 SET SQL_MODE=@OLD_SQL_MODE */;
/*!40014 SET FOREIGN_KEY_CHECKS=@OLD_FOREIGN_KEY_CHECKS */;
/*!40014 SET UNIQUE_CHECKS=@OLD_UNIQUE_CHECKS */;
/*!40101 SET CHARACTER_SET_CLIENT=@OLD_CHARACTER_SET_CLIENT */;
/*!40101 SET CHARACTER_SET_RESULTS=@OLD_CHARACTER_SET_RESULTS */;
/*!40101 SET COLLATION_CONNECTION=@OLD_COLLATION_CONNECTION */;
/*!40101 SET CHARACTER_SET_CLIENT=@OLD_CHARACTER_SET_CLIENT */;
